Name,City,Price_Range
Arles,Amsterdam,2
Bistrot des Alpes,Amsterdam,2
Bennyâ€™s Chicken,Amsterdam,1
Cuddle,Amsterdam,1
Broer,Amsterdam,2
Chez Lorraine,Amsterdam,2
Cafe Chantilly,Amsterdam,1
Carnivore Bar-Smoke BBQ,Amsterdam,2
De Biertuin Prinsengracht,Amsterdam,2
Barasti,Amsterdam,2
Corner Bakery Amsterdam West,Amsterdam,2
"Bodon, La Grande Brasserie",Amsterdam,4
Benji's,Amsterdam,2
Berry,Amsterdam,1
Da Magda,Amsterdam,1
Anne Maike of Casa Curiosa,Amsterdam,2
Bar Joost,Amsterdam,1
I Kriti,Amsterdam,2
Golden Chopsticks,Amsterdam,2
De Kleine Kaart,Amsterdam,2
BROODJESZAAK t KUYLTJE,Amsterdam,1
Cafe Riviera,Amsterdam,2
Croissanterie Friends,Amsterdam,1
De Witte Zwaan,Amsterdam,2
Arepa Shop,Amsterdam,1
Anna's SpecialTeas,Amsterdam,1
Clone 42,Amsterdam,2
Cafe Sage,Amsterdam,2
Alex + Pinard,Amsterdam,2
Cafe Dinard,Amsterdam,2
Cheesy Cakes,Amsterdam,2
Bahya Food to Share,Amsterdam,2
Bistro Bentinck,Amsterdam,2
De Chef's Table Anice Culinair,Amsterdam,4
Broodje Daan,Amsterdam,1
Bar Evert-Jan,Amsterdam,2
Amona Food Truck,Amsterdam,1
Bouillon Brothers,Amsterdam,1
Bar Benjamin,Amsterdam,2
Chef India Amsterdam,Amsterdam,2
Caulils Delicatessen,Amsterdam,2
Baking Lab Amsterdam,Amsterdam,1
't Halve Werk,Amsterdam,1
Cafe ONS,Amsterdam,2
Namaste India,Amsterdam,2
De Beren,Amsterdam,2
De Smaaksalon,Amsterdam,1
Cafe Primo,Amsterdam,2
Casa Food,Amsterdam,1
Broodje van het land,Amsterdam,2
Bakker Bertram,Amsterdam,1
Cannibale Royale du Nord,Amsterdam,2
De Vrouw met de Baard,Amsterdam,2
Cafe 't Ceintuurtje,Amsterdam,2
Cinque Wine & Deli Bar,Athens,1
Dinner in the Sky,Athens,4
Aleria,Athens,4
Feyrouz,Athens,1
Funky Gourmet,Athens,4
A Little Taste of Home,Athens,2
CTC,Athens,4
Hi-Fai Grill House,Athens,1
Bread and Roses,Athens,1
Duck Soup,Athens,1
Enjoy Just Falafel,Athens,1
En Athinais Alexandra,Athens,1
Brigante La Cucina del Quartiere,Athens,1
Happy Blender,Athens,1
Divino Wine Case,Athens,2
Guarantee,Athens,1
Bandiera,Athens,1
Cafe-Bar 67,Athens,1
Epireia,Athens,2
Barreldier,Athens,2
Asia - Mikra Asia pagrati,Athens,1
Acropol Vintage Cafe,Athens,2
G Cafe Bar,Athens,2
BAR 56,Athens,2
Acropaul's,Athens,2
Holy Moly Coffee & Burger,Athens,1
Frankie,Athens,2
Giorgos-Manos,Athens,1
Artopoleion,Athens,1
I Kriti,Athens,1
F Cafe,Athens,1
Gh,Athens,1
Flaneur,Athens,1
18 The Joint,Athens,2
1935 Mezedopoleio,Athens,2
Grill & Pita,Athens,1
Barreldier,Athens,1
Antonis Cafe,Athens,1
Cats,Athens,2
Fago-Potion,Athens,2
Asymmetpo,Athens,2
Handmade,Athens,2
Dennis Donuts,Athens,1
Fish Bar,Athens,4
En Tram Tsipouradiko,Athens,2
Homesick cafe-bar,Athens,1
Gasoline Bar,Athens,1
Fresh Sushi Bar,Athens,2
Ambrosia - The Refreshment Bar,Athens,1
Chartreuse Cafeteria-Bar,Athens,1
Butchers Fine Foods Stratos,Athens,2
Blavis,Barcelona,2
Argentinisimo,Barcelona,1
Apribocca - Italian restaurant,Barcelona,2
Atelier Pan&Cook,Barcelona,2
Ascanio of Sense Coberts,Barcelona,2
AmoVino,Barcelona,2
Bar Santa Fe,Barcelona,1
Admir,Barcelona,2
Bar Can Sergi,Barcelona,2
Bar Can Santi,Barcelona,2
Almalibre Acai Bar,Barcelona,1
Alive Restaurant,Barcelona,2
Apat,Barcelona,2
Bar Sauvage,Barcelona,2
Acero,Barcelona,2
Bar Viu,Barcelona,2
A2 Restaurant,Barcelona,2
A CASA MIA da Gigi e Danilo,Barcelona,2
Balabar,Barcelona,1
Bar Pietro,Barcelona,2
Angels & Carmen of Foodie Sisters,Barcelona,2
Barbiturik BCN,Barcelona,1
Apetito,Barcelona,2
Asian Restaurant,Barcelona,1
Ale ale cafe,Barcelona,1
Bar-celona cafe,Barcelona,1
Bar Okinawa,Barcelona,2
Alain Pizza,Barcelona,1
52 Cafe,Barcelona,1
Bar Bodega Montse,Barcelona,1
Barrigo Bar Vermut i Tapes,Barcelona,2
Bistrot Levante,Barcelona,2
Bar Restaurante 0086,Barcelona,4
Barcelona Food Makers,Barcelona,1
Bloody Mary Cocktail & Tapas,Barcelona,2
Beef Bull Club,Barcelona,4
BdGust Restaurant & Cocktail,Barcelona,2
Bar Pipa,Barcelona,1
Bar Restaurante La Xicoia,Barcelona,2
Bellako Gastro Kebab,Barcelona,2
Bar Restaurante El Rincon,Barcelona,2
Bardelona,Barcelona,1
Bar 134,Barcelona,2
Biscuit,Barcelona,2
Bavaria Blue,Barcelona,2
Amics al Cafe,Barcelona,2
BAR Modern,Barcelona,1
BeBo Cold Press,Barcelona,2
Blitzbar,Barcelona,1
Ambrosia,Barcelona,2
Atrium,Barcelona,1
Angela Bertoni Pasta Fresca des de 1965,Barcelona,2
Barramon,Barcelona,2
Bar Bomberos,Barcelona,2
Azul Frida,Barcelona,2
Namaste,Berlin,2
Begur - Cuina Catalana,Berlin,2
BAO Vietnamese Cooking,Berlin,1
BBB Restaurant,Berlin,2
Bulbul Berlin,Berlin,1
Cafe Jenseits,Berlin,1
Biscotti,Berlin,2
Bahadur,Berlin,1
Avocai Food and Pilates Studio,Berlin,2
"CAFE Gestern, Heute & Morgen",Berlin,2
Antipasteria Garbatella,Berlin,2
Atayacaffe,Berlin,1
1687 Restaurant & Cafe,Berlin,4
+84 Vegan Restaurant,Berlin,1
Bata Bar & Billiards,Berlin,2
Brick,Berlin,1
Cafe Mugrabi,Berlin,1
B.horn,Berlin,2
Bruno,Berlin,2
Ben Thanh,Berlin,1
Babbo bar,Berlin,2
Arom Di Thai & Sushi,Berlin,2
Beef Bull Club,Berlin,2
Cafe Barbucha,Berlin,2
Bistro Faunesse,Berlin,1
Berlin Bistro Pomelo Tree,Berlin,1
Cafe Fantone,Berlin,2
Alin Gaza Kitchen,Berlin,1
Bar&Pizzeria Da Gelo,Berlin,2
Cafe Hygge,Berlin,1
Adana Royale Grill Kitchen,Berlin,4
Board'Eau,Berlin,1
Cafe Eigenzeit,Berlin,1
Cafe Bar Central,Berlin,2
Arata Sushi,Berlin,1
Auszeit Restaurant,Berlin,2
Cafe Mimosa,Berlin,2
Cafe Amitie,Berlin,2
Cafe Frida,Berlin,1
Cafe & Bar norah,Berlin,2
Cafe Nazca,Berlin,2
Beste Bar,Berlin,1
Babuschka,Berlin,1
Bonbon Bar,Berlin,4
Borso Die Ungarische Speisekammer,Berlin,1
Berliner Feinkost Fraktion,Berlin,1
Best Kosher Oriental,Berlin,1
Cafe Klangwerk,Berlin,1
Bar Kaffeepur,Berlin,1
Arirang,Berlin,1
Bar a Vin,Berlin,2
Blacklist Bar Berlin,Berlin,4
Ammazza che Pizza,Berlin,2
Bao An,Berlin,1
Casa Italia,Berlin,2
Casa Italia,Berlin,1
Roxor BRGR & Beer,Bratislava,1
Albrecht,Bratislava,4
17's BAR,Bratislava,1
Drak&Finch,Bratislava,1
Simply Fresh Restaurant,Bratislava,2
Antica Toscana,Bratislava,2
Nobile Restaurant,Bratislava,2
Samovar,Bratislava,2
Petite Creperie - take away crepes,Bratislava,1
Foodstock Bratislava,Bratislava,2
Don Saro Cucina Siciliana,Bratislava,2
Antique American Bar,Bratislava,2
Baroza Restaurant & Bistro,Bratislava,4
La Ventura,Bratislava,2
Cajovna v Podzemi - Underground Tea Room,Bratislava,1
Iasai,Bratislava,2
Moree,Bratislava,2
Osud Wine Bar,Bratislava,1
Ako doma,Bratislava,2
DQ Bistro Polievocka,Bratislava,2
Balans Bistro,Bratislava,1
Meat and Beer,Bratislava,2
Akiko Sushi Bar,Bratislava,2
Veggie,Bratislava,1
Trojka Bistro,Bratislava,1
Cafe del via,Bratislava,1
TESLA Coffee & Bar,Bratislava,1
American Bistro,Bratislava,2
Chilantro Garden Bar,Bratislava,1
Pomazankovo,Bratislava,1
mini BAR by SPIN,Bratislava,1
100 Piv - Beer Shop & Bar,Bratislava,2
Food 2.0,Bratislava,2
Bamboo Snp,Bratislava,2
Vinopolitan,Bratislava,2
Kraken Cafe&Bar,Bratislava,1
Jedna basen - Dlhe Diely,Bratislava,1
CREPES KISS bistro,Bratislava,1
CORK Taste & Shop,Bratislava,1
Nase hospoda Machnac,Bratislava,2
Moco Choco,Bratislava,1
U Dobreho Pastiera,Bratislava,1
SVAG TO GO,Bratislava,1
Paleta - Wine bar,Bratislava,1
Don Papa Bar,Bratislava,2
Randevu Bistro,Bratislava,2
Bamboo Sushi,Bratislava,2
Moare,Bratislava,2
Trunk Wine Gallery,Bratislava,1
Alibi Music Bar & Lounge,Bratislava,1
Le Rabassier,Brussels,4
Tonton Garby,Brussels,1
Chez Bobonne,Brussels,2
Sir Hanry's,Brussels,2
Le Barboteur - Bierotheque -,Brussels,2
Life is Beautiful - Cocktail Bar,Brussels,2
Samahuma Brussels Juice & Superfood,Brussels,2
A Table,Brussels,2
Le mangeoire maison gourmande,Brussels,2
Les 4 jeudis,Brussels,2
Mex y Co - Brussels Expo,Brussels,1
Brasserie Des Allies,Brussels,2
Atrium,Brussels,2
Le Palais De Balkis,Brussels,2
Mike & Becky,Brussels,2
H&k's,Brussels,2
Au Vieux Marche,Brussels,2
Snack De Wand,Brussels,1
Les Dodi,Brussels,1
Le Iene,Brussels,2
Bruno,Brussels,1
Le Altre Delizie,Brussels,2
Al Bacio,Brussels,2
Claire Fontaine,Brussels,2
Gyozaria - Harry Suzuki,Brussels,2
La Cucina Delle Zie,Brussels,2
Atleta,Brussels,2
Enjoy,Brussels,2
Fourchette a Bicyclette,Brussels,2
Domenica,Brussels,2
Gustine,Brussels,1
Au Fil des Saveurs,Brussels,2
Cocorico,Brussels,1
Le Local,Brussels,2
Renard Bakery,Brussels,2
Hibiscus,Brussels,1
La Tavernetta,Brussels,2
Hanaya Sushi Restaurant,Brussels,2
Le Gourmet,Brussels,1
"C-TOF Waffles, Ice cream & Coffee Corner",Brussels,1
Le Gland,Brussels,2
La bonne table,Brussels,2
L'Equilibre,Brussels,1
Le Duo,Brussels,1
Pizza Galia,Brussels,2
C Bon,Brussels,2
Atlasresto,Brussels,1
EXKi Madou,Brussels,2
Pasta-cup,Brussels,1
City Snack,Brussels,1
New York Junior Chez Yorg,Brussels,1
Les Saveurs du Soleil,Brussels,2
Le Parloir,Brussels,2
Pizzicato,Brussels,2
Snack Athenes,Brussels,1
Al Campanile,Brussels,2
The Living,Brussels,2
Comme Chez Soi,Budapest,2
Bors GasztroBar,Budapest,1
Eat & Meet,Budapest,2
Caviar&Bull,Budapest,4
Don Pepe Menyecske,Budapest,2
Buddies Burger,Budapest,1
Hoppacska,Budapest,1
Cyrano,Budapest,4
Gyros Kerkyra Etelbar,Budapest,1
Csak a Jo Sor,Budapest,1
Casa Pomo d'Oro,Budapest,2
Doc Vino Bar,Budapest,2
Fama Budapest,Budapest,4
Istvanffi Veggie Burger,Budapest,1
Felni BeerBistro,Budapest,2
Farmbistro - Pest,Budapest,1
Edison Bar & Ink,Budapest,1
Cose Nostre,Budapest,1
GluteNo,Budapest,1
Black Swan Budapest,Budapest,2
Farmbistro-Buda,Budapest,1
Borkoltok Tarsasaga Pinceetterem,Budapest,2
Golvonal Bisztro,Budapest,2
Fat Angel Pub,Budapest,1
Hokedli,Budapest,1
Banh Mi Bistro,Budapest,1
Chefparade,Budapest,2
Gorbe Bogre Cafe,Budapest,2
827 Speciality Kitchen - vegan restaurant,Budapest,4
Gyuri bacsi Konyhaja,Budapest,1
Budapest,Budapest,1
Hecserli Cafe,Budapest,2
Fannicika Bar & Bistro,Budapest,1
Food Truck Udvar,Budapest,1
Finom Falat Etelbar,Budapest,1
"""52"" Bistro Restauarnt and Bar",Budapest,2
Cafe des Arts & Innovation,Budapest,2
Barczy Bagel,Budapest,1
Cafe New Orleans Budapest,Budapest,1
Csaphaz Bartok,Budapest,1
Creppy CafeCino Bar & Restaurant,Budapest,2
HelloAnyu! Family-friendly Community Space and Cafe,Budapest,2
Jezsek Cukraszda,Budapest,1
Balatonizlelo,Budapest,2
Gomb Kavezo,Budapest,2
Jolan Neni Konyhaja,Budapest,1
Anyu Soup,Budapest,1
Cafe Memories,Budapest,1
Find Food,Budapest,1
Bonjour Cafe,Budapest,1
Arnoldo Gallery and Cafe,Budapest,1
Grams Laekkerier (closed to 8. jan.),Copenhagen,1
Pizzeria MaMeMi WestMarket,Copenhagen,1
Banana Joe,Copenhagen,1
Marv & Ben,Copenhagen,4
Host,Copenhagen,4
Cafe Komplet,Copenhagen,2
Alchemist,Copenhagen,4
Garden Restaurant & Bar,Copenhagen,2
Bowl Market Copenhagen,Copenhagen,2
Madbaren Marmorkirken,Copenhagen,1
P eatery,Copenhagen,2
Cafe Feel Good,Copenhagen,2
Hey Darling,Copenhagen,2
Falafel Factory,Copenhagen,1
GONZO,Copenhagen,2
Hachi Sushi,Copenhagen,2
GROS,Copenhagen,1
Pizzicato,Copenhagen,1
Gnam Gnam Pasta & Sweets,Copenhagen,1
Kewei's Kitchen,Copenhagen,2
Banh Mi,Copenhagen,1
K96,Copenhagen,1
Mums Deli,Copenhagen,1
Parma & Pasta City 2,Copenhagen,1
Guilty Copenhagen,Copenhagen,2
Goga's Kaffebar,Copenhagen,2
Kaf' Bar,Copenhagen,1
Bar 25,Copenhagen,2
Cousins,Copenhagen,2
Cafe Ristet Rug,Copenhagen,2
H3 Fiskerestaurant,Copenhagen,4
Perbacco,Copenhagen,2
Ancestrale,Copenhagen,2
Rays,Copenhagen,1
Kodbyens IS,Copenhagen,1
Det Argentinske Vinhus Vinos Los Andes,Copenhagen,2
Munchies,Copenhagen,1
La Tigella,Copenhagen,2
Graesk Smag,Copenhagen,1
Omakase,Copenhagen,2
Den Fede Kylling,Copenhagen,4
Hot Pot Republic,Copenhagen,2
Chela Empanadas Aps,Copenhagen,2
Djuus Copenhagen,Copenhagen,2
Kod & Bajer,Copenhagen,1
Lillian's Smorresbord,Copenhagen,1
Crazy Chips-Fish&Chips,Copenhagen,1
Dinewithus,Copenhagen,4
Egils Deli,Copenhagen,2
Cafe Julia & Safija,Copenhagen,2
Le Gourmand,Copenhagen,2
HYLDE cph,Copenhagen,1
Den Go'e Kaffebar,Copenhagen,2
Lavanda Restaurant,Dublin,2
Tang Cafe,Dublin,1
Amuse Restaurant,Dublin,4
Fahrenheit Restaurant,Dublin,4
Boco Bar + Oven,Dublin,2
Heron & Grey,Dublin,4
El Grito,Dublin,1
Aperitivo,Dublin,1
Avalon Restaurant,Dublin,2
Mt. Everest of Kathmandu,Dublin,2
Hemmingways,Dublin,2
Lisle Three Restaurant,Dublin,2
Host,Dublin,2
Dining Room at the Ariel House,Dublin,2
Ernesto's,Dublin,1
Shouk,Dublin,2
The Merry Cobbler,Dublin,2
Kyoto Asian Street Food,Dublin,1
Tadka House,Dublin,2
Catherine's Cafe,Dublin,1
The Strawberry Hall,Dublin,1
Dall'Italia Pasta Bar,Dublin,1
El Patron,Dublin,1
Murray's Inn,Dublin,2
Kundan Tandoori,Dublin,2
DELISUZ,Dublin,1
Masala Killiney,Dublin,2
Assassination Custard,Dublin,1
Scrumptious,Dublin,1
The Igo Inn,Dublin,2
One Bistro,Dublin,2
Midnight Express,Dublin,1
Mulligan and Haines,Dublin,2
Honey Truffle,Dublin,1
Hot Bubble Cafe,Dublin,1
Sbarro,Dublin,1
Network,Dublin,1
Fox and Feather,Dublin,1
Skinny Batch,Dublin,1
Presto,Dublin,1
Banyi Noodles & Tapas,Dublin,2
Spice Cove,Dublin,2
Tasty Options,Dublin,1
Boca Cafe,Dublin,1
The Blossom Tree Cafe,Dublin,1
Perpetua Power Station,Dublin,1
Flavour of Italy,Dublin,2
Pizzicato,Dublin,1
A Table,Dublin,2
Cross Cafe,Dublin,1
MoonSoon Restaurant & Gallery,Dublin,2
Quick Pizza and Peri Peri Chicken,Dublin,1
Oscars Cafe,Dublin,1
Bronze,Dublin,4
Arch Cafe,Dublin,1
Munchies,Dublin,1
Namaste India,Dublin,1
Forage & Chatter,Edinburgh,2
Aizle,Edinburgh,4
Colonnades at The Signet Library,Edinburgh,4
Bijou,Edinburgh,2
Gannet and Guga,Edinburgh,1
Fahrenheit Restaurant,Edinburgh,2
Gaia Delicatessan,Edinburgh,1
Italian on the Mound,Edinburgh,1
Chizuru Tei,Edinburgh,2
Edinburgh Food Studio,Edinburgh,4
Deli Fresco,Edinburgh,1
Goya23,Edinburgh,2
Aurora,Edinburgh,2
Anteaques,Edinburgh,2
Art and Vintage,Edinburgh,2
Happy Bean Cafe,Edinburgh,1
GF,Edinburgh,1
El Paso Tapas Bar,Edinburgh,2
Century General Store & Cafe,Edinburgh,1
Baget Stuffed,Edinburgh,1
Embo Delicatessen,Edinburgh,1
Bar a Vin,Edinburgh,2
@Pizza,Edinburgh,1
3 Coins,Edinburgh,1
Daneli's Deli,Edinburgh,1
Enjoy,Edinburgh,2
Five Degrees Cafe,Edinburgh,1
Alplings,Edinburgh,1
Chameleon,Edinburgh,2
Colonial House,Edinburgh,2
181 Delicatessen,Edinburgh,2
Bacco Wine,Edinburgh,2
Indaba Deli,Edinburgh,1
Casa Amiga North Bridge Arcade,Edinburgh,1
Elmrose cafe&diner,Edinburgh,1
Java Moment,Edinburgh,1
Cafe Grille,Edinburgh,1
Jordan Valley,Edinburgh,1
Breadshare,Edinburgh,1
Enjoy - Gusto Italiano,Edinburgh,1
Dine Thyme,Edinburgh,1
Cafe Amalfi,Edinburgh,1
Cafe Bellina,Edinburgh,1
Cafe Klaris,Edinburgh,1
Breadstix,Edinburgh,1
Gerry's Cafe,Edinburgh,1
Cafe @ ONC,Edinburgh,1
Namaste,Edinburgh,2
Carington Mouse's Larder,Edinburgh,1
6s2Hit,Edinburgh,1
Barnacles & Bones,Edinburgh,1
2 Nice Cafe Shop,Edinburgh,1
Bayview,Geneva,4
Intensus,Geneva,4
Bistro de la Tour,Geneva,2
Fiskebar,Geneva,4
L'amazona,Geneva,1
Bai Toey Geneva,Geneva,2
La Table du Cotton,Geneva,4
Kozan Restaurant Japonais,Geneva,2
L'Aparte,Geneva,4
Au Jardin Bistrot,Geneva,2
La Tasca,Geneva,2
Tian Min Li,Geneva,2
22 Grand'rue,Geneva,2
Lemoncha,Geneva,1
Bang Yai,Geneva,2
Street Beirut,Geneva,2
La vie des champs,Geneva,2
5 Lounge Bar,Geneva,2
Al Amir,Geneva,1
La passione,Geneva,2
Barbershop Geneve,Geneva,2
Thai Twist,Geneva,2
Auberge des Vieux Chenes,Geneva,2
Au Chat Gourmand,Geneva,2
Addis-Abeba Cafe & Restaurant,Geneva,2
Auberge de Floris,Geneva,4
Ariston,Geneva,2
Al Quadrato,Geneva,2
Funky BBQ,Geneva,2
ADN bar,Geneva,4
Au Royaume de Jade,Geneva,2
Il Destino,Geneva,2
Bistrot Metropole,Geneva,2
Vanity,Geneva,2
Athenee 4,Geneva,2
Foound,Geneva,1
Erawan Take Away,Geneva,2
La Cuisine de Sue,Geneva,2
Swiss Croq',Geneva,2
Grenus - Coworking Cafe Voisins,Geneva,2
Boulangerie Tea-Room Cappuccino,Geneva,2
Au Cafe Restaurant des Lauriers,Geneva,2
Les Enfants Terribles,Geneva,2
Saveurs d'ici,Geneva,2
A Table,Geneva,2
Aux Deux Portes,Geneva,2
Come Prima,Geneva,2
Antep,Geneva,2
Au Petit Delice,Geneva,1
La Perle du Rhone,Geneva,2
Au Petit Comestible,Geneva,1
Artist's Pub,Geneva,2
Restaurant Hala,Hamburg,2
Helo Restaurant,Hamburg,2
Gassenhaur,Hamburg,2
Philipps Restaurant,Hamburg,2
Restaurant Haerlin,Hamburg,4
Heldenplatz Restaurant,Hamburg,4
NOM vietnamesisches Restaurant,Hamburg,1
Restaurant Beiti,Hamburg,2
Campus,Hamburg,2
Perle Restaurant,Hamburg,2
Public Coffee Roasters,Hamburg,1
Atlas,Hamburg,2
Isola d'Ischia,Hamburg,2
Elsa's Bistro,Hamburg,2
Liberty Eiscafe Und Bistro,Hamburg,1
Fischfeinkost Delikatessen des Meeres,Hamburg,1
Panaelme,Hamburg,2
Bizzo One,Hamburg,1
Alles Elbe,Hamburg,2
Le Cochinchine,Hamburg,2
Bacaro,Hamburg,2
Heisse Ecke Grill St. Pauli,Hamburg,1
Der Gyros-Spezialist,Hamburg,1
Bianc Restaurant,Hamburg,4
Genusshelden,Hamburg,1
Cafe Mimosa,Hamburg,2
Hansekai,Hamburg,2
Focacceria Apulia,Hamburg,1
Kuchenstund'- Gluck im Mund,Hamburg,1
Parissa's,Hamburg,2
Chavis Kulturcafe,Hamburg,1
Cafe du Port,Hamburg,1
Alexandros,Hamburg,2
Restaurant Hellas,Hamburg,2
Hafen-Klub Hamburg,Hamburg,4
BioKonditorei Eichel,Hamburg,2
Nakorn Luang Thai Restaurant,Hamburg,2
RAIN Cafeatery,Hamburg,2
Bunthaus Schankraum,Hamburg,1
Doner Pavillon,Hamburg,1
Hopper Braeu,Hamburg,1
Luv & Lee,Hamburg,1
Palastkueche,Hamburg,2
Calistoga Wine Saloon,Hamburg,2
El Buen Amigo,Hamburg,1
Cube Mia,Hamburg,2
Foodpecker Kitchen,Hamburg,2
Bianchini,Hamburg,2
Adele&Clodwig,Hamburg,1
Goedekens Kombuse,Hamburg,1
Chao_vietfood Restaurant,Hamburg,1
KULT Eis und Cafe,Hamburg,1
BLINIt Russian Restaurant,Helsinki,1
Baskeri & Basso,Helsinki,2
Ask,Helsinki,4
Aito,Helsinki,2
Sushi Wagocoro,Helsinki,2
Casa Italia,Helsinki,2
Atelje Finne,Helsinki,4
Dylan Marmoripiha,Helsinki,2
Cafe' Rouge,Helsinki,1
Raw 'n More Cafe,Helsinki,2
Bastion Bistro,Helsinki,2
Kalatukku E. Eriksson Oy,Helsinki,2
Bar Cafe Apero,Helsinki,2
Veggie,Helsinki,1
Basbas,Helsinki,2
Sunkosi Kitchen,Helsinki,2
Cafe Talo,Helsinki,2
Addis Ethiopian Kitchen,Helsinki,2
#Citypie - Fast Slow Food,Helsinki,1
Norilla Kahvila,Helsinki,2
Bar & Bistro Kiusaus,Helsinki,2
John's Coffee Shop,Helsinki,1
Presto,Helsinki,2
African Pots,Helsinki,1
Cafe Makiata,Helsinki,2
Casa Chipotle,Helsinki,1
Bar Base,Helsinki,2
Restaurant Laiska Karhu,Helsinki,2
Bumi Cafe,Helsinki,1
Mizu,Helsinki,2
Minilicious Tea & Caphe,Helsinki,1
Kaffecentralen Korkeavuorenkatu,Helsinki,1
Santino,Helsinki,1
KOKORO Sushi (Vallila),Helsinki,1
Bar Favela,Helsinki,2
AA Han Thai,Helsinki,1
Cafe Huvila,Helsinki,2
Bar Bakkari,Helsinki,2
Cafe Hemma,Helsinki,2
Going Greek,Helsinki,2
Hunaja Cafe Oy,Helsinki,2
La Soupe,Helsinki,1
Surote,Helsinki,1
Emoi,Helsinki,2
Bar Molotow,Helsinki,1
Sashi,Helsinki,1
Blondie Bakes,Helsinki,2
Beefy Queen,Helsinki,1
Cafe Monami,Helsinki,2
Cafe Taideterassi,Helsinki,2
Cafe Truffel,Helsinki,2
Bar Loose,Helsinki,2
Diyalo,Helsinki,2
Gossip Cafe,Krakow,2
Od Jajka Do Jablka,Krakow,2
Bistro Bene by Tomasz Lesniak,Krakow,2
M22 Beef'N'Chips,Krakow,1
Bottiglieria 1881,Krakow,4
Luna Siciliana,Krakow,1
Gruba Bula,Krakow,2
Gogo Burger,Krakow,1
Hummus Amamamusi Restaurant,Krakow,1
Marcelino Chleb i Wino,Krakow,2
Meat & Go,Krakow,1
Coffee Kiosk,Krakow,1
Jajownia,Krakow,1
Klub Wodki,Krakow,1
Makarun Sw. Tomasza,Krakow,1
Klub Stolarnia,Krakow,2
Paninoteca Vicenti,Krakow,1
Hariprasad Samosa&Curry,Krakow,1
Mama Didn't Lie,Krakow,1
Mandu,Krakow,1
Indalo Cafe,Krakow,1
Baza Pub,Krakow,1
PieRogi 2GO,Krakow,1
Atrium,Krakow,2
Ice Lab,Krakow,1
Bistro Beta,Krakow,2
Babbaluci,Krakow,2
Chez Nicholas,Krakow,2
Kawalerka,Krakow,1
Lunch Bar U Jedrusia,Krakow,1
Bel Mondo Ice Craem Craft,Krakow,2
Brasailenia,Krakow,2
O ja Cie Donacie,Krakow,1
Bistro GotuJemy,Krakow,1
House of Burger Krakow,Krakow,1
Che Bonta',Krakow,1
"""Bistro Antidotum""",Krakow,1
Chicken Cafe,Krakow,1
Eataway,Krakow,4
Bonita Pizzeria,Krakow,1
Garaz Food & Wine,Krakow,2
Pierwszy Stopien,Krakow,1
Amsterdam Chips,Krakow,1
Lili&Rose Chimney Cakes Bakery,Krakow,1
Fabryka Smaku,Krakow,1
Olimp K1,Krakow,1
Makarun Spaghetti and Salad,Krakow,1
Cup & Glass,Krakow,1
Limoncello,Krakow,1
Bar 25,Krakow,1
Airy-Fairy,Krakow,1
Estamine Art Food Drink,Lisbon,1
Frankie,Lisbon,1
BacoAlto,Lisbon,1
Limoncello,Lisbon,2
Darshan Nepal,Lisbon,1
Brooklyn,Lisbon,1
Dom Queijo Cheese House,Lisbon,2
Bowls&Bar,Lisbon,2
Beco a Serio,Lisbon,2
Bruta Flor,Lisbon,2
Cervejaria Artesanal Adamastor,Lisbon,2
Bar 35 Lisboa,Lisbon,1
Distinto,Lisbon,2
Conserva-te,Lisbon,2
Batata Doce,Lisbon,2
Fabrica Imperial,Lisbon,1
CervejAlfama,Lisbon,2
Antiga Wine Bar,Lisbon,2
Crouton,Lisbon,2
Blend,Lisbon,2
Diyalo,Lisbon,1
A Talisca,Lisbon,2
Benformoso Restaurante & Bar,Lisbon,2
Friends Bairro Alto,Lisbon,1
Afonso a Torres,Lisbon,1
Focca,Lisbon,1
Fabrica Pastel Feijao,Lisbon,1
Dhan Shiri Restaurant,Lisbon,1
A Avo Tinha,Lisbon,2
D&D Arte de Degustar,Lisbon,2
Cafe Bertrand,Lisbon,2
Everest Restaurante Sao Jorge,Lisbon,1
Don Costini - Cais do Sodre,Lisbon,2
Cinebairro,Lisbon,1
Brunchy,Lisbon,1
Calcada do Cacau,Lisbon,1
A Petisqueira da Boa-Hora,Lisbon,2
Ela Canela,Lisbon,2
Bengal Restaurante,Lisbon,2
A Viagem Petiscaria-Bar,Lisbon,2
Casa NanBan Sushi,Lisbon,2
Fabrica do Poema,Lisbon,2
EHL - Eight The Healt Lounge,Lisbon,1
Docel,Lisbon,1
Angel Kitchen,Lisbon,1
Estudantina Cafe,Lisbon,1
Alma Fidalga,Lisbon,2
Boca Cafe,Lisbon,2
Delisbon,Lisbon,2
Agapimu,Lisbon,1
Casa Vintage,Lisbon,2
Das Tripas Coracao,Lisbon,1
Bar Real,Lisbon,2
Crave,Lisbon,2
Electrico Cafe,Lisbon,2
Fari's Delice,Ljubljana,1
Druga Violina,Ljubljana,1
Cajna hisa,Ljubljana,2
Abi Falafel,Ljubljana,1
Gostilna As,Ljubljana,4
Ek Bistro,Ljubljana,2
Vineria Del Ponte,Ljubljana,2
Gostilna Dela,Ljubljana,1
Das ist Valter,Ljubljana,1
Wine bar Suklje,Ljubljana,2
Zbornica,Ljubljana,1
Azur - tratorija s picami,Ljubljana,2
Atelje,Ljubljana,4
Gostilna Jakob Franc,Ljubljana,2
Dezela Okusov,Ljubljana,2
Kolibri Cocktail Bar,Ljubljana,2
Mala Terasa,Ljubljana,1
Gostilna Kovac,Ljubljana,2
Bistro Zvezda,Ljubljana,2
Barbarella Arkade Bistro (Vegan and Vegeterian),Ljubljana,2
Bazilika Bistro,Ljubljana,2
Burek Olimpija,Ljubljana,1
Asian Bistro OSHA,Ljubljana,1
Ajdovo Zrno,Ljubljana,2
10 v pol,Ljubljana,1
Dinner in the Sky,Ljubljana,4
Gostilna Pri Stricku,Ljubljana,2
Boschtiz,Ljubljana,2
Restavracija Harfa,Ljubljana,2
Gostilna Janezic,Ljubljana,2
Brodo,Ljubljana,1
Dvor Tacen,Ljubljana,2
Gostilna Florjanckov Hram,Ljubljana,2
Bazilika Krizanke,Ljubljana,2
Ajda,Ljubljana,1
Gostilnica Marjeta,Ljubljana,1
Kavarna in bistro MihaChef,Ljubljana,2
Bistro Ftp,Ljubljana,2
Gostilna Cubr,Ljubljana,2
Kepca in Klasek,Ljubljana,2
Bistro Ambient,Ljubljana,2
Gostilna Dobnikar,Ljubljana,2
Lavine - Ice cream rolls,Ljubljana,1
Kodila,Ljubljana,1
Wine boutique DEKANTER,Ljubljana,4
BOEM - Tradicionalna Srbska Restavracija,Ljubljana,2
Atrium,Ljubljana,2
Gig,Ljubljana,1
Dobra Vila Pizzeria,Ljubljana,1
Casa Wine & Tapas,Ljubljana,1
Bar 61 Restaurant,London,2
Adore Remo,London,2
Alexandrie Restaurant,London,4
140 Portobello,London,2
Alcedo Bistro & Bar,London,2
Hibiscus,London,4
129HRD,London,2
Apollo Restaurant,London,2
Alla Salute,London,2
Arment WJ & Son,London,1
Ecco,London,1
Asmak albasha,London,2
Aurora,London,2
Aleion,London,2
All Inn One,London,2
Baristas Fusion Cafe,London,1
Bariba' Italian Deli,London,2
Bar 48,London,2
Bacaro,London,2
Bbq Grill,London,1
Atlas,London,2
Alcazar Lounge,London,2
Le Gourmet,London,1
Asoo's,London,2
Chicken Kitchen,London,1
Andu Cafe,London,1
Apulia Cafe Ltd,London,2
B'acino,London,2
Baalbakis Restaurant,London,2
Arirang,London,2
Aqua Deli,London,1
Vesuvio Cafe,London,1
Amici,London,2
222 Kitchen,London,2
Amalfi caffeUK,London,1
Anima Sarda Italian Restaurant,London,2
Alex's Place | Kebab And Steak House,London,1
Art Deli,London,1
3 Points Cafe,London,2
Cocorico,London,2
Babel Cafe & Restaurant,London,2
Al Farah Cafe,London,1
Aromma,London,1
Attendant Clerkenwell,London,2
B Grill,London,2
Acton Cafe,London,1
1n1 Fashion n Pizza,London,1
Balti Lounge,London,2
Amici Coffee Deli,London,1
Ambience Express 2,London,1
Asador Argentine Steaks and Burger,London,1
Cafe Mimosa,London,2
Andalucia Palace,London,2
7 Tales,London,2
Amigos Restaurant Ltd,London,2
Ana's Croquetas,London,1
All In A Pickle,London,2
Asian Restaurant,London,1
El Patron,London,1
BeBelge,London,1
Aromatic Delicatessen,London,2
Essenza,London,2
Ecco,London,1
Amici,London,2
Agora Greek Bakery,London,2
Steam Bar,London,2
Amigos Mediterranean Restaurant,London,2
Clairefontaine,Luxembourg,4
Cyrano,Luxembourg,2
Athena Restaurant Grec,Luxembourg,2
Ambrosia,Luxembourg,2
Batucada,Luxembourg,2
Essenza,Luxembourg,2
Bistro Podenco,Luxembourg,2
Fu Lu Shou Inn,Luxembourg,2
Brasserie L'Annexe,Luxembourg,2
Pizzeria bei der Auer,Luxembourg,2
Golden Chopsticks,Luxembourg,2
Namaste,Luxembourg,2
Cafe Bel Air,Luxembourg,2
Au P'tit Max,Luxembourg,2
Come Prima,Luxembourg,2
Bei De Bouwen,Luxembourg,2
Bistro Carthago,Luxembourg,2
Culturando,Luxembourg,2
Brooklyn,Luxembourg,2
La Piazzetta,Luxembourg,1
Bonifas,Luxembourg,2
Dipso - the Wine Republic,Luxembourg,2
Aubergine,Luxembourg,2
Aux delices du Wok,Luxembourg,2
Colisee,Luxembourg,2
Al Bacio,Luxembourg,2
Bick Stuff,Luxembourg,2
Caffe Torino,Luxembourg,2
Hakii Belair,Luxembourg,2
Jiaoli et Ses Amis,Luxembourg,2
Cafe de Tramways,Luxembourg,1
Cercle Munster,Luxembourg,4
Ennert de Steiler,Luxembourg,2
Appayan,Luxembourg,2
Awada,Luxembourg,2
Brasserie Wenzel,Luxembourg,2
Chicken Kitchen,Luxembourg,2
Amelys,Luxembourg,2
Il Destino,Luxembourg,2
Haid 'Art Cafe,Luxembourg,2
Boulangerie Grevig,Luxembourg,1
Atelier Del Gusto Limpertsberg,Luxembourg,1
MOKA Bar&Restaurant,Luxembourg,2
Rising Nepal,Luxembourg,2
Mu Luxembourg,Luxembourg,4
Aller Retour,Luxembourg,2
Streatchef Food Truck Luxembourg,Luxembourg,1
Gourmandises Permises,Luxembourg,2
Brasserie du Strasbourg Orient Express,Luxembourg,2
Au Plaisir de Vivre,Luxembourg,2
Fama Ristorante Pizzeria,Luxembourg,2
Aromatic,Lyon,2
Le Supreme,Lyon,4
La Bouteillerie,Lyon,2
Le Book-Lard,Lyon,1
La Gamelle de Montchat,Lyon,2
Le Zeste Gourmand,Lyon,4
Himalia,Lyon,1
Le Comptoir des Cousins,Lyon,2
LE LUMINARIUM,Lyon,1
Mike Restaurant,Lyon,2
Les Enfants Terribles,Lyon,2
Le Petit Bouclard,Lyon,2
Chateauneuf du Peuple,Lyon,2
Du Monde Ailleurs,Lyon,1
Lucien et La Cocotte,Lyon,2
Bentomania,Lyon,2
Monsieur P,Lyon,4
Les Tontons Burgers,Lyon,2
Jiang.Xin,Lyon,2
Chez Marion,Lyon,2
Le Jeu de Quilles,Lyon,2
Gabriella,Lyon,2
Coffret du Gourmet,Lyon,2
Kitchen Garden,Lyon,2
L'Ecume,Lyon,2
Brooklyn Gourmet Bagels Co.,Lyon,1
Hector,Lyon,2
Coney Cookies,Lyon,2
Banh Mi,Lyon,2
Crepe Tower,Lyon,2
Mansaya,Lyon,2
L'Odyssee de Nima,Lyon,2
Maison Guitel,Lyon,1
Barocco,Lyon,2
Le Biniou,Lyon,1
Le Jardin du Paradis,Lyon,2
Le Plateau De Manu,Lyon,2
A la folie,Lyon,2
La Fonderie,Lyon,1
Boulangerie Saint Paul,Lyon,1
Madelice Burger Grill Gourmet,Lyon,2
Assiette et Maree,Lyon,4
L'Assiette autour du Vin,Lyon,2
Maison Deschamps Boulangerie Cafe,Lyon,2
Fournil San Priots,Lyon,1
Les Gourmandises D'Alexandre,Lyon,2
Garden,Lyon,2
LA KOLOK - LYON 1er,Lyon,1
Maison Tacca,Lyon,2
Le 42,Lyon,2
Le Cafe Saint Germain,Lyon,2
Namaste,Lyon,2
Bistrot Chardonnet,Lyon,2
Cebo,Madrid,4
Astor,Madrid,2
Brew Wild Pizza Bar,Madrid,2
Bombardino Cafe,Madrid,2
Bizikletak,Madrid,2
Calicanto Madrid,Madrid,2
Arbonaida Bar,Madrid,2
La Tavernetta,Madrid,2
Cafe Bar Quinta,Madrid,2
Arrayan,Madrid,4
Cereal Talent Cafe,Madrid,1
20 A La Cata,Madrid,2
Baiyor,Madrid,2
Ahora En El 16,Madrid,2
20 A La Cata,Madrid,2
Bicoca Gastro Bar,Madrid,2
Cantina Canalla - G.Paredes,Madrid,2
Cascorro Bistrot,Madrid,2
AGOSTO bar,Madrid,1
Bar Pacoteo,Madrid,1
Denay Coffee Bar,Madrid,1
BeeHealthyShop,Madrid,1
Condominium Tapas Bar,Madrid,1
CUXTA Antojitos-Beer & Shop,Madrid,2
AviBurger,Madrid,2
Deli Peppe,Madrid,1
Cafe Bar Mama Tere,Madrid,2
Cafrune,Madrid,2
Delish Vegan Doughnuts,Madrid,1
Delish Vegan Doughnuts,Madrid,1
Alicia Maravillas Pasteleria & Brunch,Madrid,2
Bunny's Deli,Madrid,2
Churreria Pinilla,Madrid,1
Camperos Malaguenos,Madrid,1
Cocina 34,Madrid,1
Cafeteria restaurante virgo,Madrid,2
Chacabuco 9-30,Madrid,2
Bartoky's,Madrid,1
Brasserie Antoinette,Madrid,2
Cafeteria Lima,Madrid,1
Chickenchicken,Madrid,2
Cantespino,Madrid,4
Alibai Food & Bar,Madrid,2
Bar del Reves,Madrid,1
Chapela Tienda&Cafe,Madrid,2
Al Otro Lado Del Mediterraneo,Madrid,1
Celicioso Callao,Madrid,2
Delicakes,Madrid,1
Caracola,Madrid,1
Agrado Bistro,Madrid,2
Degustazone,Madrid,2
Allo Pizza,Madrid,1
Come Prima,Madrid,2
Casablanca Taberna,Madrid,2
Cafe del Sur,Madrid,2
Dersett,Milan,2
Essenza,Milan,4
Kate Away,Milan,2
Namaste,Milan,2
Bosco Verticale Restaurant Milano,Milan,2
Bufalatte,Milan,2
Pepe e Sale,Milan,2
Il Panino,Milan,1
Ishi Restaurant Fusion,Milan,2
Acero,Milan,2
Cous-Cous Restaurant,Milan,2
Avgvsto Premiata Gelateria,Milan,2
AltaGuardia17,Milan,4
Bison Steak House,Milan,2
Big Sandwich,Milan,2
Flavors Milano,Milan,1
Acai Sisters,Milan,1
King of Salads,Milan,2
Enoteca Max's Wine,Milan,2
Furment E Fumeri,Milan,2
Glitter Bar Tabaccheria,Milan,1
Blend,Milan,1
Bellini Brothers dal 1963,Milan,1
KIOSKO sushi and more,Milan,2
Gnulot,Milan,1
Hopduvel,Milan,2
Galli Take Away Pizza,Milan,1
404 e-Sport Lounge Bar,Milan,1
Hops Beer Shop Milano,Milan,2
BebelMilano,Milan,1
Felix,Milan,2
Il Corbello,Milan,2
Infinito x 2 Da Flavia,Milan,2
Grand Lounge & Bar by Eataly,Milan,4
Filzi Milano Cafe & Restaurant,Milan,2
Foodstock Truck,Milan,2
Caffineria,Milan,2
Japanese Ice,Milan,2
Ambrosia,Milan,2
Gelateria Il Mio Sogno..il Tuo Gusto,Milan,2
Bar Est - Bottiglieria,Milan,2
Happy Mood,Milan,1
Easy Fruit,Milan,1
CrudoCotto by Rovagnati 1943,Milan,2
DoEat,Milan,2
Al Boschetto da Gabry e Figli,Milan,1
Artis Coffee Milano,Milan,2
DrinKasi,Milan,2
Adaga Bar Della Palestra,Milan,2
Bar Gelateria Dolce Amaro,Milan,2
Barlady Cafe,Milan,1
Gastronomia Menescaldi,Milan,2
Enjoy,Milan,1
I Territori di Bottiglie Aperte,Milan,2
Butterfly Lounge Bar,Milan,1
Caffe Torino,Milan,2
Amsterdam Chips,Milan,1
Bar Carpe Diem,Milan,1
Aurora,Milan,2
Chopan Schwabing,Munich,2
Oanh,Munich,2
Dinnerhopping,Munich,2
Restaurant Pils Corner,Munich,2
Nur Einmal Leben,Munich,2
Mille Miglia,Munich,2
Restaurant Ebert,Munich,4
Gustoteca,Munich,2
Restaurant Zauberberg,Munich,4
Restaurant Gabelspiel,Munich,4
Barocco,Munich,2
Osteria da Massimo,Munich,2
Co Do Bistro,Munich,1
Happy Fildjan,Munich,2
Pepe e Sale,Munich,2
Cafe Mandala,Munich,2
Agusto77,Munich,2
Beirutbeirut,Munich,1
Rebella Bex Energy Food & Move,Munich,1
La Stellina,Munich,1
La Tavernetta,Munich,2
Make Falafel Not War,Munich,1
Hanami Sushi Addict,Munich,2
Garden,Munich,4
Kleine Rose,Munich,1
Andelong Asia Imbiss,Munich,1
Restaurant Erber,Munich,2
Boulangerie Dompierre,Munich,1
Cafe Colombo,Munich,1
John Montagu Sandwich Bar,Munich,1
Campanula,Munich,2
GourmetBar,Munich,2
Necado Kaffeeladen,Munich,2
El Gusto,Munich,1
Cafe Va bene,Munich,2
Jinda's Corner,Munich,1
Milchreise,Munich,1
Monte Grappa,Munich,2
Isar Alm,Munich,1
Lo Spuntino,Munich,2
Cafe Gina Nido,Munich,1
HQ-Wok Foodstyle,Munich,1
Piyush,Munich,2
Maoz Vinyl & Kaffee,Munich,1
Lezizel Manti - RiemArcaden,Munich,2
Nenas Cafe,Munich,1
Goldstuck,Munich,2
Ayurvedic Indisches Restaurant,Munich,2
Moejo91 Munchen Bar & LoungeClub,Munich,2
Che Follia,Munich,1
Barfly&Kitchen,Munich,2
Namaste,Munich,2
MUU Steakhouse,Oporto,4
Hungry biker,Oporto,1
Laurear,Oporto,2
Euskalduna Studio,Oporto,4
Droop food & Wine,Oporto,2
Conversas Vadias,Oporto,2
Creperie Le Gwenn Ha Du,Oporto,1
Cacau Wine Terrace,Oporto,2
Aurora,Oporto,2
Arco de Verdades,Oporto,2
Negra Cafe,Oporto,2
Epoca Cafe,Oporto,1
Com Cuore,Oporto,1
Dom Prato,Oporto,2
A lojinha do Leitao,Oporto,1
Kinay,Oporto,1
Art Da Picanha,Oporto,2
Boca de Cena,Oporto,1
Boa Ideia! cafe,Oporto,1
Nix Invicta,Oporto,2
Doxa,Oporto,1
Beef Douro,Oporto,2
Holi Caffe,Oporto,1
Casa Diogo,Oporto,1
ARCA Pub,Oporto,2
Cha das Cinco,Oporto,2
Berry,Oporto,1
"Mongu - Granel, Sabor & Saude",Oporto,2
Do You Remember,Oporto,2
Mercato Restaurant,Oporto,2
"Beer, Beef & Beyond",Oporto,1
Mariscos da Foz,Oporto,1
Cerca Velha - Food & Drinks,Oporto,1
Casa Aberta Open Bar & Food House,Oporto,2
Faceburguer Porto,Oporto,1
Biscoito Sweets & Snacks,Oporto,1
Casa das Cristas,Oporto,1
Docinhos da Ana,Oporto,1
Bufete Rapide,Oporto,2
Marisco-online.pt,Oporto,2
Confeitaria Serrana,Oporto,1
Mr. Pepper,Oporto,2
Caffe 55,Oporto,1
Africa Bar,Oporto,2
Miss Morning,Oporto,2
Biscuit,Oporto,1
Cantinho das Zezas,Oporto,2
Noa Restaurante Tapas Bar,Oporto,2
Belisque,Oporto,2
Espaco Aska Lounge Cafe,Oporto,1
D'Epoca,Oporto,2
hos Thea,Oslo,4
Brasserie France,Oslo,2
Alex Sushi,Oslo,4
Brasserie Paleo,Oslo,2
Benares Indisk Restaurant,Oslo,2
Arakataka,Oslo,4
Habits Coffee,Oslo,1
Aymara,Oslo,2
Asian Box,Oslo,2
Brasserie Blanche,Oslo,2
Restaurant Foodie,Oslo,4
Bokbacka,Oslo,4
Restaurant Fangst,Oslo,2
Barcia Bistro Bar By San Leandro,Oslo,2
Bon Lio,Oslo,4
Backstube,Oslo,1
Campo de Fiori,Oslo,2
Omakase,Oslo,4
WU Sushi & Sake bar,Oslo,2
Anatolia Restaurant,Oslo,2
Baremas Tapas & Bar Oslo,Oslo,2
4Gringos,Oslo,1
Barramon,Oslo,2
Bare Jazz,Oslo,2
Munchies,Oslo,2
Vesuvio Cafe,Oslo,4
Atelier Asian Tapas,Oslo,2
Oslo k,Oslo,1
Arno Ristorante,Oslo,2
Dyna Fyr,Oslo,4
Banh Mi Mot,Oslo,1
Cafe Di Roma,Oslo,1
Bjolsen Bakeri,Oslo,1
Orlando's Pub,Oslo,2
Xiangs Kjokken,Oslo,2
Proletaren,Oslo,1
Brooklyn Burger Joint,Oslo,2
Blings,Oslo,1
Broedbakerne Skoeyen,Oslo,1
Justwokit,Oslo,1
Havets Fryd,Oslo,1
Godt Brod Bekkestua,Oslo,2
Backstube Oslo City,Oslo,1
Brooms & Hatchets,Oslo,2
Emilio's Vinbar,Oslo,2
Desi house Oslo,Oslo,4
Ekte Vare Okologisk Dagligvare,Oslo,2
Burger Bite As,Oslo,1
Bamboo Sushi,Oslo,2
BRUS Bar Oslo,Oslo,4
Aften pizza og grill,Oslo,1
Anne Paa Landet,Oslo,2
ASPIC,Paris,4
Alliance,Paris,4
Arnaud Nicolas,Paris,4
24 Le Restaurant,Paris,4
Comme Chez Soi,Paris,2
BMK Paris-Bamako,Paris,2
Alix et Mika French Cut Lovers -,Paris,2
Aux 2eme Saveurs,Paris,2
Blend Hamburger Odeon,Paris,2
A Cursita,Paris,2
Acquerello,Paris,1
Cocorico,Paris,2
24 Zones,Paris,2
Amadae,Paris,2
Bijou,Paris,2
La Piazzetta,Paris,2
Beyit Jedo,Paris,2
Bread and Roses,Paris,2
Alan Geaam Restaurant,Paris,4
Au P'tit Curieux,Paris,2
Au Vin-Set,Paris,2
Blun,Paris,2
1ndix Cafe,Paris,2
Bistro Le Carreau,Paris,2
Le Gourmet,Paris,1
7 Au Marais,Paris,2
Bidoche Boucherie Restaurant,Paris,2
Felix,Paris,2
Aromes Coffeeshop,Paris,2
Bibimbowl,Paris,1
BAAGAA,Paris,2
Aperitivo,Paris,2
Baosian,Paris,1
Hector,Paris,2
BAM Bon a Manger,Paris,2
Bistrot Medaillon,Paris,2
Bread and Roses,Paris,2
Bleu Olive,Paris,2
Allegria Paris,Paris,2
Aki Cafe,Paris,2
Ai-Hua Restaurant,Paris,2
Api,Paris,2
Be Veggie,Paris,2
Amici,Paris,2
Gossip Cafe,Paris,2
Bagel Day'S,Paris,1
Baci,Paris,2
Bi Good,Paris,1
Bat Un Kare,Paris,2
Automne,Paris,4
Asuka,Paris,2
Au Poulailler La Rotisserie D'Antan,Paris,1
BAP Repas Coreen,Paris,2
Bio Degustation,Paris,2
Bar La Tamise,Paris,2
Au Jour J,Paris,2
Birdy's,Paris,1
Antepasto,Paris,2
La Piazzetta,Paris,2
Allo Pizza,Paris,2
62 Degres,Paris,2
Feyrouz,Paris,2
Banh Mi,Paris,1
Alexandros,Paris,1
Be Bop Lobby Bar,Prague,2
Czech Slovak Restaurant Lounge Bar,Prague,2
10hp,Prague,2
Bistrot 104,Prague,4
Bistro Kaprova,Prague,4
Cafe Na hlas,Prague,1
Equilibrista Italian restaurant,Prague,2
Cili Bar,Prague,2
Brixton Balls,Prague,1
ArtChaos Bar,Prague,2
Chutnej Fast Food - vegan restaurant and Delivery,Prague,1
Cafe La Familia,Prague,1
Bistro Valecek,Prague,1
Bistro Kostelni 16,Prague,2
Cafe Silesia,Prague,2
Diversion bistro,Prague,2
Cafe Frida,Prague,2
Cafe Ami Prague,Prague,2
Cafe Des Taxis,Prague,1
Arirang,Prague,1
Bep Viet,Prague,1
Amuse Restaurant,Prague,1
Chateau Safarikova French wine bar,Prague,2
Cicovicky Dvur,Prague,2
BougainvilleaConcept Store & Bar,Prague,4
Booze & Food,Prague,1
Blue vegan pig,Prague,1
Corso Bellevue,Prague,2
Caffe Trieste - Na Pankraci,Prague,2
Caffe Dallucci,Prague,1
Chiringuito Gourmet,Prague,2
Balarama,Prague,1
Flavours Wine&Deli,Prague,2
Cajovna u Dzoudyho,Prague,2
Bajkazyl,Prague,1
Bistro V nebi,Prague,1
BARTIDA Degustation Bar & Shop,Prague,2
Brut. - Wines & Oysters,Prague,2
Bylinkova Terapie,Prague,2
23 Downtown,Prague,2
Amuni,Prague,2
Elements Restaurant Prague,Prague,2
Cafe Bike,Prague,1
Chanbar,Prague,1
Aura Lounge Prague,Prague,1
Bistro Palermo,Prague,2
Cafe Start,Prague,1
Cafe Kepler,Prague,1
Don Cafeto,Prague,1
Enjoy,Prague,1
Presto,Prague,1
Cafe no. 22,Prague,1
Coffee & Waffles,Prague,1
Bread-in,Rome,1
Arrosticino Pane & Vino,Rome,2
'O FAMO STRANO,Rome,1
Burger Bistrot,Rome,2
Brusco Lo Strabuono,Rome,1
Alchimia Foodlab,Rome,1
A Favela - Churrascaria e Restaurante,Rome,2
Bistrot Veg & Veg,Rome,2
Binomio Beer and Wine,Rome,2
Amor di Pasta,Rome,1
ATTIANI,Rome,2
Cafe MeMe,Rome,2
La Fornace,Rome,2
Barbarossa BeerFood,Rome,1
Caffe Gramuglia,Rome,2
Bio Sphere,Rome,2
Burger Kitchen,Rome,1
Perbacco,Rome,2
Aroma Osteria Trastevere,Rome,2
Bruno,Rome,2
La Bomboniera,Rome,2
Bar delle Grazie,Rome,1
Bar La Piazzetta,Rome,1
La Tavernetta,Rome,1
Cafe Dejavu bistrot,Rome,1
Birra+,Rome,1
331 Piadineria,Rome,1
La Tasca,Rome,1
Bacco Birichino,Rome,1
Antico Forno Cotugno 1954,Rome,2
Arirang,Rome,2
Banchetto 26,Rome,1
A Putia Rosticceria Siciliana,Rome,1
Lo Spuntino,Rome,1
Apollinare Vineria-Cocktail Bar,Rome,4
Boom Boom Pizza,Rome,1
Bar Italo,Rome,2
Bar packy cafe,Rome,1
Boba Bar,Rome,1
710,Rome,1
Bar dello Sport,Rome,4
Bar Cafe Fantini,Rome,1
Blanca gelateria,Rome,2
Birreria Numero 10,Rome,2
Bender Pub,Rome,2
Biolee,Rome,1
Autoctono Bistrot,Rome,4
ApeFinger,Rome,2
Bottegari,Rome,2
Bag Caffe,Rome,1
Beirut Fast Food,Rome,1
Bar del parco,Rome,1
Bonta Novella,Rome,1
Brasia,Rome,4
Avigail Kosher,Rome,2
Atlas,Rome,1
"Associazione Culturale Albatross Golf, Wine & Food",Rome,1
Americanbar XXL,Rome,2
Adam & Albin Matstudio,Stockholm,2
Aifur Krog & Bar,Stockholm,2
Akkurat Bar & Restaurant,Stockholm,2
Kagges,Stockholm,4
Aloe,Stockholm,4
Alegria Tapas Bar,Stockholm,2
Hattori Sushi Devil,Stockholm,2
Agrikultur,Stockholm,4
Amida,Stockholm,1
Adria Ristorante & Bar,Stockholm,2
Hattori Sushi Devil,Stockholm,2
Fuori Di Pizza,Stockholm,1
Frantzen,Stockholm,4
Arirang,Stockholm,2
Mogge Sushi,Stockholm,2
1889 Fast Fine Pizza,Stockholm,2
Fosch Artisan Patisserie,Stockholm,2
Aberg Nilsson,Stockholm,2
Aubergine,Stockholm,2
Krukor & Kaffe,Stockholm,2
En Kaffe Por Favor,Stockholm,1
Olbistron No.50,Stockholm,2
800 grader,Stockholm,2
Lovo Magasin,Stockholm,2
Cevicheria aji y ajo,Stockholm,2
Pat's Place,Stockholm,1
Caffeteria del corso,Stockholm,1
The Artisan,Stockholm,2
Bacaro,Stockholm,2
Steam Coffee,Stockholm,1
Bar City Central,Stockholm,2
Fikabaren,Stockholm,2
Maka Maka,Stockholm,2
Soyokaze,Stockholm,4
Cafe En halv Trappa Ner,Stockholm,2
Curry Spice City,Stockholm,2
Caffe Subito,Stockholm,2
Al-Shami Restaurang,Stockholm,2
Pong Norrlandsgatan,Stockholm,4
Bacio,Stockholm,2
Iwa Sushi,Stockholm,2
YI's Sushi & Cafe,Stockholm,2
Folk & Friends,Stockholm,2
Cafe Garden,Stockholm,1
Ostergota Kallaren,Stockholm,2
Torsgatan,Stockholm,2
Bestia Cafe,Stockholm,2
Bar & Bistro Chapman,Stockholm,2
Cafe de Calma,Stockholm,2
Sultan Sverige AB,Stockholm,2
OmnOmnOmn Chocolaterie,Stockholm,1
Vaxt Cafe,Stockholm,2
Alfeus,Stockholm,2
8T8,Stockholm,2
Garden,Stockholm,2
Casino Restaurant Wien,Vienna,4
Ghisallo,Vienna,2
Le Cru,Vienna,2
Knoedel Manufaktur,Vienna,1
Mach Ma Curry,Vienna,1
Ethiopian Restaurant - Cafe Lalibela,Vienna,2
Feuerdorf,Vienna,2
Bionista,Vienna,2
Cafe Tanzen Anders,Vienna,2
Chinarestaurant No. 27,Vienna,2
Cafe Benedikt,Vienna,1
Eulennest Vinothek & Weinbar,Vienna,2
Bep Viet,Vienna,1
Gubler&Gubler Bistro and Take Away,Vienna,2
Cha No Ma,Vienna,1
La Fornace,Vienna,2
Kafeneon,Vienna,2
Le MAR,Vienna,2
Ambrosia,Vienna,2
Loutati's Shabbeskitchen,Vienna,2
Carmen und ich,Vienna,1
Ala Restaurant,Vienna,2
B and Me Cafe,Vienna,1
Cafe Restaurant Pan,Vienna,2
Anna & Jagetsberger,Vienna,2
Chili & Pfeffer,Vienna,2
Agent Oscar,Vienna,4
Edelgreisslerei Opocensky,Vienna,2
Elmira -- cooles veganes Bio Bistro,Vienna,1
Caffe Cambio,Vienna,4
China-Restaurant Sunny,Vienna,2
Cafe-Restaurant Kalvarienberg,Vienna,2
Jia Restaurant,Vienna,2
Florentin 1090 - Middle Eastern Restaurant,Vienna,2
Gugumuck,Vienna,4
Best Worscht in Town,Vienna,1
Bacchus Alberto,Vienna,4
China Restaurant Asia Garten,Vienna,2
LieblinXplatz,Vienna,1
Ceylon Curry,Vienna,2
Buschenschank Stippert,Vienna,2
Cafe EL.AN,Vienna,1
HERNALS. Kebap Pizza,Vienna,1
Henrietta,Vienna,2
Cocobello am Copa Beach Wien,Vienna,2
Mary the Fairy,Vienna,1
1019 Jazzclub,Vienna,2
Just Taste,Vienna,2
BlueMoon,Vienna,2
Marktstandl,Vienna,1
Kokos,Vienna,2
Brauhund,Vienna,1
San Thai,Warsaw,1
Namaste India,Warsaw,2
Bekef,Warsaw,1
Casa Italia,Warsaw,2
India King Indian Restaurant,Warsaw,2
Mia Famiglia,Warsaw,2
Krasnodwor Restaurant,Warsaw,2
Parivar,Warsaw,2
MIZU,Warsaw,2
SAS Duck & Chicken,Warsaw,1
Bardziej Gastrobar Tapas,Warsaw,2
Kopytko Jadalnia & Pijalnia,Warsaw,1
Sambal Restauracja Indonezyjska,Warsaw,2
Kawalek,Warsaw,1
La Bomboniera,Warsaw,1
Steam Bar,Warsaw,2
Labrax,Warsaw,2
Czyli Zurawia 45 (CZZ+),Warsaw,1
Bistro Pod Sowami,Warsaw,2
Manoush,Warsaw,2
MEATing Room Coctail Bar & Restaurant,Warsaw,2
Sosiser,Warsaw,1
Funky Fish,Warsaw,1
Masala Magic,Warsaw,2
Pub Pod Mosteczkiem,Warsaw,1
Kanapa,Warsaw,2
Paczek w masle - cukiernia warszawska,Warsaw,2
Deli&Winebar Siga-Siga,Warsaw,2
Rabarbar,Warsaw,2
Brunet Kafe,Warsaw,1
Przed i Po,Warsaw,1
Curry Club Warszawa,Warsaw,2
Bez Przesady,Warsaw,1
Bistro Caffe Piwna,Warsaw,1
Lokal Dela Krem,Warsaw,1
Chmielolak,Warsaw,2
Falafel Plus,Warsaw,1
Restauracja Porto.wa,Warsaw,1
Buri Sushi,Warsaw,2
La Bomboniera Kabaty,Warsaw,2
Przysmak,Warsaw,1
Na Koncu Teczy,Warsaw,1
Makarun Spaghetti and Salad,Warsaw,1
Chimney Cake Cafe,Warsaw,1
Indeks Klub Restaurant,Warsaw,1
DoKoncaLata,Warsaw,1
Lastow Palace Restaurant,Warsaw,2
Retrospekcja Cafe,Warsaw,1
SPATiF Warsaw,Warsaw,2
KAMPER Grill Bar,Warsaw,1
Indian Dawat,Warsaw,2
Kuchnia Smakosza - Restauracja Polska,Warsaw,1
Bubbleology Arkadia,Warsaw,1
Restaurant Nihao,Zurich,2
Ecco,Zurich,4
Tadka Indian Restaurant,Zurich,2
Luca2,Zurich,2
Hasta Ice Cream,Zurich,1
Chez Marion,Zurich,2
Rechberg 1837,Zurich,2
Chaima Thai Take Away,Zurich,1
Tenz Momo,Zurich,2
4 Tiere Bar,Zurich,2
Restaurant Stadionli,Zurich,2
Restaurant Rutihof,Zurich,2
Cafe Black Wine & Art Gallery,Zurich,2
Namaste India,Zurich,2
LaZoupa To Go - Spitalgasse 12,Zurich,2
Restaurant Blume,Zurich,4
Aurora,Zurich,2
Ristorante Pizzeria Tramblu,Zurich,2
Dont Worry Eat Curry,Zurich,1
Bethania Park Restaurant,Zurich,2
Lebanese Takeaway,Zurich,1
Il Bistro,Zurich,2
Brasserie Oerlikon,Zurich,2
Kafi Paradiesli,Zurich,2
Chimy's,Zurich,2
Felix,Zurich,2
Restaurant Frieden,Zurich,4
La Piazzetta,Zurich,2
Lock in Lock out Bar und Take away,Zurich,1
Rosita's Food & Drinks,Zurich,1
Dogfather Hotdogs & more,Zurich,2
Hiltl Akademie,Zurich,2
Oak Bar,Zurich,2
SALI e TABACCHI,Zurich,2
Restaurant Lowen-Siam,Zurich,2
Delicias Latinas,Zurich,2
Klara's Kitchen,Zurich,1
Restaurant & Tapas Bar Silba,Zurich,2
Boreal Coffee Shop,Zurich,1
Vom Fischer & syner Fru,Zurich,2
4 You Bar and Karoke,Zurich,2
Vegan Velo,Zurich,2
Alpenstern,Zurich,2
Kafichanne,Zurich,2
Cafe Jeunesse,Zurich,2
Pizzeria Trattoria Da Michele,Zurich,2
Barrio5,Zurich,2
Edo Garden,Zurich,2
Barekunst,Zurich,2
Danishluxuryfoods.com,Zurich,4
Krispy Krost,Zurich,1
Cafe Complet,Zurich,2
Burgstein`s Gasthaus Penalty,Zurich,2
Bacaro,Zurich,2
