Name,City,Cuisine_Style,Rating,Price_Range
Arles,Amsterdam,French,5.0,2
Bistrot des Alpes,Amsterdam,French,5.0,2
Bennyâ€™s Chicken,Amsterdam,Dutch,5.0,1
Cuddle,Amsterdam,Bar,5.0,1
Broer,Amsterdam,Dutch,5.0,2
Chez Lorraine,Amsterdam,French,5.0,2
Cafe Chantilly,Amsterdam,Cafe,5.0,1
Carnivore Bar-Smoke BBQ,Amsterdam,American,5.0,2
De Biertuin Prinsengracht,Amsterdam,Bar,5.0,2
Barasti,Amsterdam,Dutch,5.0,2
Corner Bakery Amsterdam West,Amsterdam,International,5.0,2
"Bodon, La Grande Brasserie",Amsterdam,French,5.0,4
Benji's,Amsterdam,International,5.0,2
Berry,Amsterdam,Cafe,4.5,1
Da Magda,Amsterdam,Italian,5.0,1
Anne Maike of Casa Curiosa,Amsterdam,Italian,5.0,2
Bar Joost,Amsterdam,Bar,5.0,1
I Kriti,Amsterdam,Mediterranean,4.5,2
Golden Chopsticks,Amsterdam,Chinese,3.5,2
De Kleine Kaart,Amsterdam,Dutch,5.0,2
BROODJESZAAK t KUYLTJE,Amsterdam,Dutch,5.0,1
Cafe Riviera,Amsterdam,Bar,5.0,2
Croissanterie Friends,Amsterdam,Cafe,5.0,1
De Witte Zwaan,Amsterdam,Dutch,5.0,2
Arepa Shop,Amsterdam,Vegetarian Friendly,5.0,1
Anna's SpecialTeas,Amsterdam,Cafe,5.0,1
Clone 42,Amsterdam,European,5.0,2
Cafe Sage,Amsterdam,Cafe,5.0,2
Alex + Pinard,Amsterdam,French,5.0,2
Cafe Dinard,Amsterdam,Seafood,5.0,2
Cheesy Cakes,Amsterdam,Cafe,5.0,2
Bahya Food to Share,Amsterdam,Moroccan,5.0,2
Bistro Bentinck,Amsterdam,French,5.0,2
De Chef's Table Anice Culinair,Amsterdam,European,5.0,4
Broodje Daan,Amsterdam,Dutch,5.0,1
Bar Evert-Jan,Amsterdam,Italian,5.0,2
Amona Food Truck,Amsterdam,Middle Eastern,5.0,1
Bouillon Brothers,Amsterdam,International,5.0,1
Bar Benjamin,Amsterdam,French,5.0,2
Chef India Amsterdam,Amsterdam,Indian,5.0,2
Caulils Delicatessen,Amsterdam,Cafe,5.0,2
Baking Lab Amsterdam,Amsterdam,Middle Eastern,5.0,1
't Halve Werk,Amsterdam,Dutch,5.0,1
Cafe ONS,Amsterdam,Dutch,5.0,2
Namaste India,Amsterdam,Indian,4.0,2
De Beren,Amsterdam,American,5.0,2
De Smaaksalon,Amsterdam,Italian,5.0,1
Cafe Primo,Amsterdam,Italian,5.0,2
Casa Food,Amsterdam,Mediterranean,5.0,1
Broodje van het land,Amsterdam,Dutch,5.0,2
Bakker Bertram,Amsterdam,Dutch,5.0,1
Cannibale Royale du Nord,Amsterdam,American,5.0,2
De Vrouw met de Baard,Amsterdam,European,5.0,2
Cafe 't Ceintuurtje,Amsterdam,Italian,5.0,2
Cinque Wine & Deli Bar,Athens,Wine Bar,5.0,1
Dinner in the Sky,Athens,Mediterranean,5.0,4
Aleria,Athens,Greek,5.0,4
Feyrouz,Athens,Lebanese,5.0,1
Funky Gourmet,Athens,Mediterranean,5.0,4
A Little Taste of Home,Athens,Turkish,5.0,2
CTC,Athens,Mediterranean,5.0,4
Hi-Fai Grill House,Athens,Steakhouse,5.0,1
Bread and Roses,Athens,Greek,5.0,1
Duck Soup,Athens,Cafe,5.0,1
Enjoy Just Falafel,Athens,Fast Food,5.0,1
En Athinais Alexandra,Athens,Fast Food,5.0,1
Brigante La Cucina del Quartiere,Athens,Italian,5.0,1
Happy Blender,Athens,Healthy,5.0,1
Divino Wine Case,Athens,Wine Bar,5.0,2
Guarantee,Athens,Fast Food,5.0,1
Bandiera,Athens,Greek,5.0,1
Cafe-Bar 67,Athens,Brew Pub,5.0,1
Epireia,Athens,Italian,5.0,2
Barreldier,Athens,Mediterranean,5.0,2
Asia - Mikra Asia pagrati,Athens,Turkish,5.0,1
Acropol Vintage Cafe,Athens,Greek,5.0,2
G Cafe Bar,Athens,Diner,5.0,2
BAR 56,Athens,Bar,5.0,2
Acropaul's,Athens,Greek,5.0,2
Holy Moly Coffee & Burger,Athens,American,5.0,1
Frankie,Athens,Italian,5.0,2
Giorgos-Manos,Athens,Greek,5.0,1
Artopoleion,Athens,Fast Food,5.0,1
I Kriti,Athens,Fast Food,5.0,1
F Cafe,Athens,Italian,5.0,1
Gh,Athens,Greek,5.0,1
Flaneur,Athens,Bar,5.0,1
18 The Joint,Athens,Italian,5.0,2
1935 Mezedopoleio,Athens,Greek,5.0,2
Grill & Pita,Athens,Greek,5.0,1
Barreldier,Athens,Cafe,5.0,1
Antonis Cafe,Athens,Cafe,5.0,1
Cats,Athens,Greek,5.0,2
Fago-Potion,Athens,Mediterranean,5.0,2
Asymmetpo,Athens,Brew Pub,5.0,2
Handmade,Athens,Cafe,5.0,2
Dennis Donuts,Athens,American,5.0,1
Fish Bar,Athens,Seafood,5.0,4
En Tram Tsipouradiko,Athens,Greek,5.0,2
Homesick cafe-bar,Athens,Bar,5.0,1
Gasoline Bar,Athens,Cafe,5.0,1
Fresh Sushi Bar,Athens,Japanese,5.0,2
Ambrosia - The Refreshment Bar,Athens,Healthy,5.0,1
Chartreuse Cafeteria-Bar,Athens,Cafe,5.0,1
Butchers Fine Foods Stratos,Athens,Greek,5.0,2
Blavis,Barcelona,Mediterranean,5.0,2
Argentinisimo,Barcelona,Steakhouse,5.0,1
Apribocca - Italian restaurant,Barcelona,Italian,5.0,2
Atelier Pan&Cook,Barcelona,European,5.0,2
Ascanio of Sense Coberts,Barcelona,Mediterranean,5.0,2
AmoVino,Barcelona,Mediterranean,5.0,2
Bar Santa Fe,Barcelona,Brazilian,5.0,1
Admir,Barcelona,Lebanese,5.0,2
Bar Can Sergi,Barcelona,Spanish,5.0,2
Bar Can Santi,Barcelona,Italian,5.0,2
Almalibre Acai Bar,Barcelona,Bar,5.0,1
Alive Restaurant,Barcelona,Mediterranean,5.0,2
Apat,Barcelona,Mediterranean,5.0,2
Bar Sauvage,Barcelona,Bar,5.0,2
Acero,Barcelona,Street Food,5.0,2
Bar Viu,Barcelona,Brew Pub,5.0,2
A2 Restaurant,Barcelona,American,5.0,2
A CASA MIA da Gigi e Danilo,Barcelona,Italian,5.0,2
Balabar,Barcelona,Mediterranean,5.0,1
Bar Pietro,Barcelona,Moroccan,5.0,2
Angels & Carmen of Foodie Sisters,Barcelona,Spanish,5.0,2
Barbiturik BCN,Barcelona,Italian,5.0,1
Apetito,Barcelona,Lebanese,5.0,2
Asian Restaurant,Barcelona,Indian,4.0,1
Ale ale cafe,Barcelona,Cafe,5.0,1
Bar-celona cafe,Barcelona,Mediterranean,5.0,1
Bar Okinawa,Barcelona,Bar,5.0,2
Alain Pizza,Barcelona,Italian,5.0,1
52 Cafe,Barcelona,Mediterranean,5.0,1
Bar Bodega Montse,Barcelona,Spanish,5.0,1
Barrigo Bar Vermut i Tapes,Barcelona,Spanish,5.0,2
Bistrot Levante,Barcelona,Cafe,5.0,2
Bar Restaurante 0086,Barcelona,Chinese,5.0,4
Barcelona Food Makers,Barcelona,Cafe,5.0,1
Bloody Mary Cocktail & Tapas,Barcelona,Bar,5.0,2
Beef Bull Club,Barcelona,International,5.0,4
BdGust Restaurant & Cocktail,Barcelona,Mediterranean,5.0,2
Bar Pipa,Barcelona,Bar,5.0,1
Bar Restaurante La Xicoia,Barcelona,Mediterranean,5.0,2
Bellako Gastro Kebab,Barcelona,Fast Food,5.0,2
Bar Restaurante El Rincon,Barcelona,Bar,5.0,2
Bardelona,Barcelona,Brew Pub,5.0,1
Bar 134,Barcelona,Spanish,5.0,2
Biscuit,Barcelona,Italian,4.5,2
Bavaria Blue,Barcelona,Mexican,5.0,2
Amics al Cafe,Barcelona,Mediterranean,5.0,2
BAR Modern,Barcelona,American,5.0,1
BeBo Cold Press,Barcelona,Mediterranean,5.0,2
Blitzbar,Barcelona,German,5.0,1
Ambrosia,Barcelona,Mediterranean,4.0,2
Atrium,Barcelona,Mediterranean,3.5,1
Angela Bertoni Pasta Fresca des de 1965,Barcelona,Italian,5.0,2
Barramon,Barcelona,Spanish,3.5,2
Bar Bomberos,Barcelona,Bar,5.0,2
Azul Frida,Barcelona,Mexican,5.0,2
Namaste,Berlin,Indian,5.0,2
Begur - Cuina Catalana,Berlin,Mediterranean,5.0,2
BAO Vietnamese Cooking,Berlin,Asian,5.0,1
BBB Restaurant,Berlin,American,5.0,2
Bulbul Berlin,Berlin,Mediterranean,5.0,1
Cafe Jenseits,Berlin,Cafe,5.0,1
Biscotti,Berlin,Italian,5.0,2
Bahadur,Berlin,Vegetarian Friendly,5.0,1
Avocai Food and Pilates Studio,Berlin,Healthy,5.0,2
"CAFE Gestern, Heute & Morgen",Berlin,German,5.0,2
Antipasteria Garbatella,Berlin,Italian,5.0,2
Atayacaffe,Berlin,African,5.0,1
1687 Restaurant & Cafe,Berlin,French,5.0,4
+84 Vegan Restaurant,Berlin,Asian,5.0,1
Bata Bar & Billiards,Berlin,Contemporary,5.0,2
Brick,Berlin,International,5.0,1
Cafe Mugrabi,Berlin,Cafe,5.0,1
B.horn,Berlin,Bar,5.0,2
Bruno,Berlin,Italian,5.0,2
Ben Thanh,Berlin,Vietnamese,5.0,1
Babbo bar,Berlin,Italian,5.0,2
Arom Di Thai & Sushi,Berlin,Sushi,5.0,2
Beef Bull Club,Berlin,American,3.5,2
Cafe Barbucha,Berlin,Vegetarian Friendly,5.0,2
Bistro Faunesse,Berlin,German,5.0,1
Berlin Bistro Pomelo Tree,Berlin,Vietnamese,5.0,1
Cafe Fantone,Berlin,Italian,5.0,2
Alin Gaza Kitchen,Berlin,Mediterranean,5.0,1
Bar&Pizzeria Da Gelo,Berlin,Italian,5.0,2
Cafe Hygge,Berlin,German,5.0,1
Adana Royale Grill Kitchen,Berlin,Grill,5.0,4
Board'Eau,Berlin,Healthy,5.0,1
Cafe Eigenzeit,Berlin,International,5.0,1
Cafe Bar Central,Berlin,Italian,5.0,2
Arata Sushi,Berlin,Japanese,5.0,1
Auszeit Restaurant,Berlin,International,5.0,2
Cafe Mimosa,Berlin,French,5.0,2
Cafe Amitie,Berlin,Moroccan,5.0,2
Cafe Frida,Berlin,Mediterranean,5.0,1
Cafe & Bar norah,Berlin,Spanish,5.0,2
Cafe Nazca,Berlin,Spanish,5.0,2
Beste Bar,Berlin,Bar,5.0,1
Babuschka,Berlin,International,5.0,1
Bonbon Bar,Berlin,Bar,5.0,4
Borso Die Ungarische Speisekammer,Berlin,European,5.0,1
Berliner Feinkost Fraktion,Berlin,Vegetarian Friendly,5.0,1
Best Kosher Oriental,Berlin,Fast Food,5.0,1
Cafe Klangwerk,Berlin,International,5.0,1
Bar Kaffeepur,Berlin,Cafe,5.0,1
Arirang,Berlin,Asian,3.5,1
Bar a Vin,Berlin,French,4.0,2
Blacklist Bar Berlin,Berlin,Bar,5.0,4
Ammazza che Pizza,Berlin,Italian,5.0,2
Bao An,Berlin,Asian,5.0,1
Casa Italia,Berlin,Italian,2.5,2
Casa Italia,Berlin,Italian,2.5,1
Roxor BRGR & Beer,Bratislava,American,5.0,1
Albrecht,Bratislava,European,4.5,4
17's BAR,Bratislava,Bar,4.5,1
Drak&Finch,Bratislava,International,5.0,1
Simply Fresh Restaurant,Bratislava,International,5.0,2
Antica Toscana,Bratislava,Italian,4.5,2
Nobile Restaurant,Bratislava,French,5.0,2
Samovar,Bratislava,Central European,5.0,2
Petite Creperie - take away crepes,Bratislava,French,5.0,1
Foodstock Bratislava,Bratislava,Japanese,5.0,2
Don Saro Cucina Siciliana,Bratislava,Italian,5.0,2
Antique American Bar,Bratislava,European,5.0,2
Baroza Restaurant & Bistro,Bratislava,European,5.0,4
La Ventura,Bratislava,Spanish,5.0,2
Cajovna v Podzemi - Underground Tea Room,Bratislava,Cafe,5.0,1
Iasai,Bratislava,Japanese,5.0,2
Moree,Bratislava,International,5.0,2
Osud Wine Bar,Bratislava,European,5.0,1
Ako doma,Bratislava,European,4.5,2
DQ Bistro Polievocka,Bratislava,International,5.0,2
Balans Bistro,Bratislava,European,4.5,1
Meat and Beer,Bratislava,American,5.0,2
Akiko Sushi Bar,Bratislava,Japanese,4.5,2
Veggie,Bratislava,Soups,5.0,1
Trojka Bistro,Bratislava,American,5.0,1
Cafe del via,Bratislava,Bar,5.0,1
TESLA Coffee & Bar,Bratislava,European,5.0,1
American Bistro,Bratislava,American,5.0,2
Chilantro Garden Bar,Bratislava,Mexican,5.0,1
Pomazankovo,Bratislava,European,5.0,1
mini BAR by SPIN,Bratislava,Bar,5.0,1
100 Piv - Beer Shop & Bar,Bratislava,Bar,4.5,2
Food 2.0,Bratislava,Healthy,5.0,2
Bamboo Snp,Bratislava,Thai,5.0,2
Vinopolitan,Bratislava,Wine Bar,5.0,2
Kraken Cafe&Bar,Bratislava,Cafe,5.0,1
Jedna basen - Dlhe Diely,Bratislava,Italian,5.0,1
CREPES KISS bistro,Bratislava,French,5.0,1
CORK Taste & Shop,Bratislava,Bar,5.0,1
Nase hospoda Machnac,Bratislava,European,5.0,2
Moco Choco,Bratislava,Bar,5.0,1
U Dobreho Pastiera,Bratislava,Cafe,5.0,1
SVAG TO GO,Bratislava,European,5.0,1
Paleta - Wine bar,Bratislava,Italian,5.0,1
Don Papa Bar,Bratislava,Bar,5.0,2
Randevu Bistro,Bratislava,Polish,5.0,2
Bamboo Sushi,Bratislava,Sushi,4.5,2
Moare,Bratislava,International,5.0,2
Trunk Wine Gallery,Bratislava,Cafe,5.0,1
Alibi Music Bar & Lounge,Bratislava,Soups,5.0,1
Le Rabassier,Brussels,Belgian,5.0,4
Tonton Garby,Brussels,Belgian,5.0,1
Chez Bobonne,Brussels,Belgian,5.0,2
Sir Hanry's,Brussels,Lebanese,5.0,2
Le Barboteur - Bierotheque -,Brussels,Brew Pub,5.0,2
Life is Beautiful - Cocktail Bar,Brussels,Vegetarian Friendly,5.0,2
Samahuma Brussels Juice & Superfood,Brussels,Healthy,5.0,2
A Table,Brussels,French,4.5,2
Le mangeoire maison gourmande,Brussels,European,5.0,2
Les 4 jeudis,Brussels,Vegetarian Friendly,5.0,2
Mex y Co - Brussels Expo,Brussels,Mexican,5.0,1
Brasserie Des Allies,Brussels,Italian,5.0,2
Atrium,Brussels,French,4.0,2
Le Palais De Balkis,Brussels,Vegetarian Friendly,5.0,2
Mike & Becky,Brussels,Belgian,5.0,2
H&k's,Brussels,Vegetarian Friendly,5.0,2
Au Vieux Marche,Brussels,Belgian,5.0,2
Snack De Wand,Brussels,Vegetarian Friendly,5.0,1
Les Dodi,Brussels,Italian,5.0,1
Le Iene,Brussels,Italian,5.0,2
Bruno,Brussels,Italian,4.0,1
Le Altre Delizie,Brussels,Italian,5.0,2
Al Bacio,Brussels,Italian,4.5,2
Claire Fontaine,Brussels,European,5.0,2
Gyozaria - Harry Suzuki,Brussels,Japanese,5.0,2
La Cucina Delle Zie,Brussels,Italian,5.0,2
Atleta,Brussels,European,5.0,2
Enjoy,Brussels,European,4.0,2
Fourchette a Bicyclette,Brussels,Cafe,5.0,2
Domenica,Brussels,Italian,5.0,2
Gustine,Brussels,Delicatessen,5.0,1
Au Fil des Saveurs,Brussels,Italian,5.0,2
Cocorico,Brussels,Mediterranean,5.0,1
Le Local,Brussels,French,5.0,2
Renard Bakery,Brussels,French,5.0,2
Hibiscus,Brussels,Belgian,5.0,1
La Tavernetta,Brussels,Italian,4.0,2
Hanaya Sushi Restaurant,Brussels,Japanese,5.0,2
Le Gourmet,Brussels,Italian,5.0,1
"C-TOF Waffles, Ice cream & Coffee Corner",Brussels,Belgian,5.0,1
Le Gland,Brussels,Fast Food,5.0,2
La bonne table,Brussels,Italian,5.0,2
L'Equilibre,Brussels,Italian,5.0,1
Le Duo,Brussels,Italian,5.0,1
Pizza Galia,Brussels,Italian,5.0,2
C Bon,Brussels,Italian,5.0,2
Atlasresto,Brussels,Fast Food,5.0,1
EXKi Madou,Brussels,Fast Food,5.0,2
Pasta-cup,Brussels,Italian,5.0,1
City Snack,Brussels,Fast Food,5.0,1
New York Junior Chez Yorg,Brussels,French,5.0,1
Les Saveurs du Soleil,Brussels,Lebanese,5.0,2
Le Parloir,Brussels,French,5.0,2
Pizzicato,Brussels,Italian,3.5,2
Snack Athenes,Brussels,Greek,5.0,1
Al Campanile,Brussels,Italian,5.0,2
The Living,Brussels,International,5.0,2
Comme Chez Soi,Budapest,Italian,5.0,2
Bors GasztroBar,Budapest,Fast Food,5.0,1
Eat & Meet,Budapest,European,5.0,2
Caviar&Bull,Budapest,Seafood,5.0,4
Don Pepe Menyecske,Budapest,Italian,5.0,2
Buddies Burger,Budapest,American,5.0,1
Hoppacska,Budapest,Fast Food,5.0,1
Cyrano,Budapest,European,4.0,4
Gyros Kerkyra Etelbar,Budapest,Fast Food,5.0,1
Csak a Jo Sor,Budapest,Pub,5.0,1
Casa Pomo d'Oro,Budapest,Italian,5.0,2
Doc Vino Bar,Budapest,Italian,5.0,2
Fama Budapest,Budapest,Hungarian,5.0,4
Istvanffi Veggie Burger,Budapest,Fast Food,5.0,1
Felni BeerBistro,Budapest,Bar,5.0,2
Farmbistro - Pest,Budapest,European,5.0,1
Edison Bar & Ink,Budapest,Bar,5.0,1
Cose Nostre,Budapest,Italian,5.0,1
GluteNo,Budapest,Street Food,5.0,1
Black Swan Budapest,Budapest,Bar,5.0,2
Farmbistro-Buda,Budapest,Cafe,5.0,1
Borkoltok Tarsasaga Pinceetterem,Budapest,European,5.0,2
Golvonal Bisztro,Budapest,European,5.0,2
Fat Angel Pub,Budapest,Grill,5.0,1
Hokedli,Budapest,European,5.0,1
Banh Mi Bistro,Budapest,Vietnamese,5.0,1
Chefparade,Budapest,European,5.0,2
Gorbe Bogre Cafe,Budapest,Cafe,5.0,2
827 Speciality Kitchen - vegan restaurant,Budapest,International,5.0,4
Gyuri bacsi Konyhaja,Budapest,European,5.0,1
Budapest,Budapest,Fast Food,5.0,1
Hecserli Cafe,Budapest,Cafe,5.0,2
Fannicika Bar & Bistro,Budapest,Street Food,5.0,1
Food Truck Udvar,Budapest,Mexican,5.0,1
Finom Falat Etelbar,Budapest,Italian,5.0,1
"""52"" Bistro Restauarnt and Bar",Budapest,International,5.0,2
Cafe des Arts & Innovation,Budapest,French,5.0,2
Barczy Bagel,Budapest,American,5.0,1
Cafe New Orleans Budapest,Budapest,European,5.0,1
Csaphaz Bartok,Budapest,Brew Pub,5.0,1
Creppy CafeCino Bar & Restaurant,Budapest,Bar,5.0,2
HelloAnyu! Family-friendly Community Space and Cafe,Budapest,Healthy,5.0,2
Jezsek Cukraszda,Budapest,European,5.0,1
Balatonizlelo,Budapest,European,5.0,2
Gomb Kavezo,Budapest,French,5.0,2
Jolan Neni Konyhaja,Budapest,Fast Food,5.0,1
Anyu Soup,Budapest,European,5.0,1
Cafe Memories,Budapest,Italian,5.0,1
Find Food,Budapest,International,5.0,1
Bonjour Cafe,Budapest,Pizza,5.0,1
Arnoldo Gallery and Cafe,Budapest,Diner,5.0,1
Grams Laekkerier (closed to 8. jan.),Copenhagen,Cafe,5.0,1
Pizzeria MaMeMi WestMarket,Copenhagen,Italian,5.0,1
Banana Joe,Copenhagen,American,5.0,1
Marv & Ben,Copenhagen,European,5.0,4
Host,Copenhagen,European,4.5,4
Cafe Komplet,Copenhagen,Danish,5.0,2
Alchemist,Copenhagen,International,5.0,4
Garden Restaurant & Bar,Copenhagen,European,5.0,2
Bowl Market Copenhagen,Copenhagen,Cafe,5.0,2
Madbaren Marmorkirken,Copenhagen,Pizza,5.0,1
P eatery,Copenhagen,French,5.0,2
Cafe Feel Good,Copenhagen,Cafe,5.0,2
Hey Darling,Copenhagen,Italian,5.0,2
Falafel Factory,Copenhagen,Fast Food,5.0,1
GONZO,Copenhagen,International,5.0,2
Hachi Sushi,Copenhagen,Japanese,5.0,2
GROS,Copenhagen,European,5.0,1
Pizzicato,Copenhagen,Italian,5.0,1
Gnam Gnam Pasta & Sweets,Copenhagen,Italian,5.0,1
Kewei's Kitchen,Copenhagen,Chinese,5.0,2
Banh Mi,Copenhagen,Asian,5.0,1
K96,Copenhagen,Italian,5.0,1
Mums Deli,Copenhagen,European,5.0,1
Parma & Pasta City 2,Copenhagen,Italian,5.0,1
Guilty Copenhagen,Copenhagen,Cafe,5.0,2
Goga's Kaffebar,Copenhagen,European,5.0,2
Kaf' Bar,Copenhagen,European,5.0,1
Bar 25,Copenhagen,Bar,4.0,2
Cousins,Copenhagen,European,5.0,2
Cafe Ristet Rug,Copenhagen,Fast Food,5.0,2
H3 Fiskerestaurant,Copenhagen,Seafood,5.0,4
Perbacco,Copenhagen,Italian,5.0,2
Ancestrale,Copenhagen,Austrian,5.0,2
Rays,Copenhagen,Cafe,5.0,1
Kodbyens IS,Copenhagen,Italian,5.0,1
Det Argentinske Vinhus Vinos Los Andes,Copenhagen,Japanese,5.0,2
Munchies,Copenhagen,American,5.0,1
La Tigella,Copenhagen,Italian,5.0,2
Graesk Smag,Copenhagen,Mediterranean,5.0,1
Omakase,Copenhagen,Japanese,4.0,2
Den Fede Kylling,Copenhagen,French,5.0,4
Hot Pot Republic,Copenhagen,Chinese,5.0,2
Chela Empanadas Aps,Copenhagen,Latin,5.0,2
Djuus Copenhagen,Copenhagen,European,5.0,2
Kod & Bajer,Copenhagen,European,5.0,1
Lillian's Smorresbord,Copenhagen,European,5.0,1
Crazy Chips-Fish&Chips,Copenhagen,Seafood,5.0,1
Dinewithus,Copenhagen,European,5.0,4
Egils Deli,Copenhagen,Italian,5.0,2
Cafe Julia & Safija,Copenhagen,French,5.0,2
Le Gourmand,Copenhagen,French,5.0,2
HYLDE cph,Copenhagen,Fast Food,5.0,1
Den Go'e Kaffebar,Copenhagen,European,5.0,2
Lavanda Restaurant,Dublin,European,5.0,2
Tang Cafe,Dublin,Cafe,5.0,1
Amuse Restaurant,Dublin,French,4.5,4
Fahrenheit Restaurant,Dublin,Irish,4.5,4
Boco Bar + Oven,Dublin,Bar,5.0,2
Heron & Grey,Dublin,Irish,5.0,4
El Grito,Dublin,Mexican,5.0,1
Aperitivo,Dublin,Italian,4.5,1
Avalon Restaurant,Dublin,French,5.0,2
Mt. Everest of Kathmandu,Dublin,Indian,5.0,2
Hemmingways,Dublin,Irish,5.0,2
Lisle Three Restaurant,Dublin,Irish,5.0,2
Host,Dublin,Italian,5.0,2
Dining Room at the Ariel House,Dublin,Irish,5.0,2
Ernesto's,Dublin,Cafe,5.0,1
Shouk,Dublin,Mediterranean,5.0,2
The Merry Cobbler,Dublin,Bar,5.0,2
Kyoto Asian Street Food,Dublin,Asian,5.0,1
Tadka House,Dublin,Indian,5.0,2
Catherine's Cafe,Dublin,Irish,5.0,1
The Strawberry Hall,Dublin,Irish,5.0,1
Dall'Italia Pasta Bar,Dublin,Italian,5.0,1
El Patron,Dublin,Mexican,5.0,1
Murray's Inn,Dublin,Bar,5.0,2
Kundan Tandoori,Dublin,Nepali,5.0,2
DELISUZ,Dublin,European,5.0,1
Masala Killiney,Dublin,Indian,5.0,2
Assassination Custard,Dublin,Cafe,5.0,1
Scrumptious,Dublin,Cafe,5.0,1
The Igo Inn,Dublin,European,5.0,2
One Bistro,Dublin,French,5.0,2
Midnight Express,Dublin,Fast Food,5.0,1
Mulligan and Haines,Dublin,Irish,5.0,2
Honey Truffle,Dublin,Cafe,5.0,1
Hot Bubble Cafe,Dublin,Irish,5.0,1
Sbarro,Dublin,American,5.0,1
Network,Dublin,Australian,5.0,1
Fox and Feather,Dublin,Cafe,5.0,1
Skinny Batch,Dublin,Irish,5.0,1
Presto,Dublin,Fast Food,5.0,1
Banyi Noodles & Tapas,Dublin,Japanese,5.0,2
Spice Cove,Dublin,Indian,5.0,2
Tasty Options,Dublin,Irish,5.0,1
Boca Cafe,Dublin,European,5.0,1
The Blossom Tree Cafe,Dublin,Irish,5.0,1
Perpetua Power Station,Dublin,Cafe,5.0,1
Flavour of Italy,Dublin,Italian,5.0,2
Pizzicato,Dublin,Italian,4.5,1
A Table,Dublin,Cafe,4.0,2
Cross Cafe,Dublin,Cafe,5.0,1
MoonSoon Restaurant & Gallery,Dublin,Asian,5.0,2
Quick Pizza and Peri Peri Chicken,Dublin,Pizza,5.0,1
Oscars Cafe,Dublin,Irish,5.0,1
Bronze,Dublin,Irish,5.0,4
Arch Cafe,Dublin,Irish,5.0,1
Munchies,Dublin,Cafe,3.5,1
Namaste India,Dublin,Indian,4.0,1
Forage & Chatter,Edinburgh,European,5.0,2
Aizle,Edinburgh,European,5.0,4
Colonnades at The Signet Library,Edinburgh,British,5.0,4
Bijou,Edinburgh,British,5.0,2
Gannet and Guga,Edinburgh,Fast Food,5.0,1
Fahrenheit Restaurant,Edinburgh,European,5.0,2
Gaia Delicatessan,Edinburgh,Italian,5.0,1
Italian on the Mound,Edinburgh,Italian,5.0,1
Chizuru Tei,Edinburgh,Japanese,5.0,2
Edinburgh Food Studio,Edinburgh,Scottish,5.0,4
Deli Fresco,Edinburgh,Cafe,5.0,1
Goya23,Edinburgh,Mediterranean,5.0,2
Aurora,Edinburgh,British,5.0,2
Anteaques,Edinburgh,British,5.0,2
Art and Vintage,Edinburgh,Cafe,5.0,2
Happy Bean Cafe,Edinburgh,Cafe,5.0,1
GF,Edinburgh,Cafe,5.0,1
El Paso Tapas Bar,Edinburgh,Mexican,5.0,2
Century General Store & Cafe,Edinburgh,Cafe,5.0,1
Baget Stuffed,Edinburgh,Fast Food,5.0,1
Embo Delicatessen,Edinburgh,Cafe,5.0,1
Bar a Vin,Edinburgh,Wine Bar,5.0,2
@Pizza,Edinburgh,Pizza,5.0,1
3 Coins,Edinburgh,Pizza,5.0,1
Daneli's Deli,Edinburgh,Cafe,5.0,1
Enjoy,Edinburgh,British,4.5,2
Five Degrees Cafe,Edinburgh,Cafe,5.0,1
Alplings,Edinburgh,Austrian,5.0,1
Chameleon,Edinburgh,European,5.0,2
Colonial House,Edinburgh,Cafe,5.0,2
181 Delicatessen,Edinburgh,British,5.0,2
Bacco Wine,Edinburgh,Italian,5.0,2
Indaba Deli,Edinburgh,Spanish,5.0,1
Casa Amiga North Bridge Arcade,Edinburgh,European,5.0,1
Elmrose cafe&diner,Edinburgh,Diner,5.0,1
Java Moment,Edinburgh,Cafe,5.0,1
Cafe Grille,Edinburgh,Cafe,5.0,1
Jordan Valley,Edinburgh,Asian,5.0,1
Breadshare,Edinburgh,Cafe,5.0,1
Enjoy - Gusto Italiano,Edinburgh,Italian,5.0,1
Dine Thyme,Edinburgh,Cafe,5.0,1
Cafe Amalfi,Edinburgh,Italian,5.0,1
Cafe Bellina,Edinburgh,Italian,5.0,1
Cafe Klaris,Edinburgh,Cafe,5.0,1
Breadstix,Edinburgh,Cafe,5.0,1
Gerry's Cafe,Edinburgh,Cafe,5.0,1
Cafe @ ONC,Edinburgh,British,5.0,1
Namaste,Edinburgh,Nepali,4.0,2
Carington Mouse's Larder,Edinburgh,Italian,5.0,1
6s2Hit,Edinburgh,Cafe,5.0,1
Barnacles & Bones,Edinburgh,Seafood,5.0,1
2 Nice Cafe Shop,Edinburgh,Ukrainian,5.0,1
Bayview,Geneva,French,4.5,4
Intensus,Geneva,French,5.0,4
Bistro de la Tour,Geneva,French,4.5,2
Fiskebar,Geneva,Seafood,5.0,4
L'amazona,Geneva,Latin,5.0,1
Bai Toey Geneva,Geneva,Asian,4.5,2
La Table du Cotton,Geneva,French,5.0,4
Kozan Restaurant Japonais,Geneva,Japanese,5.0,2
L'Aparte,Geneva,French,5.0,4
Au Jardin Bistrot,Geneva,French,4.5,2
La Tasca,Geneva,Spanish,5.0,2
Tian Min Li,Geneva,Chinese,5.0,2
22 Grand'rue,Geneva,European,4.5,2
Lemoncha,Geneva,Asian,5.0,1
Bang Yai,Geneva,Asian,4.5,2
Street Beirut,Geneva,Lebanese,5.0,2
La vie des champs,Geneva,French,5.0,2
5 Lounge Bar,Geneva,Contemporary,4.5,2
Al Amir,Geneva,Lebanese,4.5,1
La passione,Geneva,Italian,5.0,2
Barbershop Geneve,Geneva,Bar,4.5,2
Thai Twist,Geneva,Thai,5.0,2
Auberge des Vieux Chenes,Geneva,French,4.5,2
Au Chat Gourmand,Geneva,French,4.5,2
Addis-Abeba Cafe & Restaurant,Geneva,African,4.5,2
Auberge de Floris,Geneva,French,4.5,4
Ariston,Geneva,Italian,5.0,2
Al Quadrato,Geneva,Italian,5.0,2
Funky BBQ,Geneva,American,5.0,2
ADN bar,Geneva,Brew Pub,5.0,4
Au Royaume de Jade,Geneva,Asian,4.5,2
Il Destino,Geneva,Italian,4.0,2
Bistrot Metropole,Geneva,European,4.5,2
Vanity,Geneva,Italian,5.0,2
Athenee 4,Geneva,Pub,5.0,2
Foound,Geneva,Bar,5.0,1
Erawan Take Away,Geneva,European,5.0,2
La Cuisine de Sue,Geneva,Asian,5.0,2
Swiss Croq',Geneva,French,5.0,2
Grenus - Coworking Cafe Voisins,Geneva,International,5.0,2
Boulangerie Tea-Room Cappuccino,Geneva,Italian,5.0,2
Au Cafe Restaurant des Lauriers,Geneva,European,4.5,2
Les Enfants Terribles,Geneva,Vegetarian Friendly,5.0,2
Saveurs d'ici,Geneva,Swiss,5.0,2
A Table,Geneva,Italian,4.5,2
Aux Deux Portes,Geneva,Vegan Options,4.5,2
Come Prima,Geneva,Italian,4.0,2
Antep,Geneva,Turkish,4.5,2
Au Petit Delice,Geneva,Italian,4.5,1
La Perle du Rhone,Geneva,Pizza,5.0,2
Au Petit Comestible,Geneva,Italian,4.5,1
Artist's Pub,Geneva,Bar,4.5,2
Restaurant Hala,Hamburg,Lebanese,5.0,2
Helo Restaurant,Hamburg,Steakhouse,5.0,2
Gassenhaur,Hamburg,German,5.0,2
Philipps Restaurant,Hamburg,International,5.0,2
Restaurant Haerlin,Hamburg,French,5.0,4
Heldenplatz Restaurant,Hamburg,International,5.0,4
NOM vietnamesisches Restaurant,Hamburg,Asian,5.0,1
Restaurant Beiti,Hamburg,Lebanese,5.0,2
Campus,Hamburg,Vegetarian Friendly,5.0,2
Perle Restaurant,Hamburg,German,5.0,2
Public Coffee Roasters,Hamburg,Cafe,5.0,1
Atlas,Hamburg,European,4.0,2
Isola d'Ischia,Hamburg,Italian,5.0,2
Elsa's Bistro,Hamburg,Delicatessen,5.0,2
Liberty Eiscafe Und Bistro,Hamburg,Vegetarian Friendly,5.0,1
Fischfeinkost Delikatessen des Meeres,Hamburg,Seafood,5.0,1
Panaelme,Hamburg,German,5.0,2
Bizzo One,Hamburg,Italian,5.0,1
Alles Elbe,Hamburg,German,5.0,2
Le Cochinchine,Hamburg,Vietnamese,5.0,2
Bacaro,Hamburg,Italian,5.0,2
Heisse Ecke Grill St. Pauli,Hamburg,German,5.0,1
Der Gyros-Spezialist,Hamburg,Greek,5.0,1
Bianc Restaurant,Hamburg,Mediterranean,5.0,4
Genusshelden,Hamburg,German,5.0,1
Cafe Mimosa,Hamburg,Cafe,4.5,2
Hansekai,Hamburg,Bar,5.0,2
Focacceria Apulia,Hamburg,Italian,5.0,1
Kuchenstund'- Gluck im Mund,Hamburg,Cafe,5.0,1
Parissa's,Hamburg,Italian,5.0,2
Chavis Kulturcafe,Hamburg,German,5.0,1
Cafe du Port,Hamburg,French,5.0,1
Alexandros,Hamburg,International,5.0,2
Restaurant Hellas,Hamburg,Greek,5.0,2
Hafen-Klub Hamburg,Hamburg,International,5.0,4
BioKonditorei Eichel,Hamburg,Vegetarian Friendly,5.0,2
Nakorn Luang Thai Restaurant,Hamburg,Thai,5.0,2
RAIN Cafeatery,Hamburg,International,5.0,2
Bunthaus Schankraum,Hamburg,German,5.0,1
Doner Pavillon,Hamburg,Turkish,5.0,1
Hopper Braeu,Hamburg,American,5.0,1
Luv & Lee,Hamburg,German,5.0,1
Palastkueche,Hamburg,German,5.0,2
Calistoga Wine Saloon,Hamburg,Wine Bar,5.0,2
El Buen Amigo,Hamburg,Mexican,5.0,1
Cube Mia,Hamburg,Caribbean,5.0,2
Foodpecker Kitchen,Hamburg,Bar,5.0,2
Bianchini,Hamburg,Mediterranean,5.0,2
Adele&Clodwig,Hamburg,German,5.0,1
Goedekens Kombuse,Hamburg,German,5.0,1
Chao_vietfood Restaurant,Hamburg,Vietnamese,5.0,1
KULT Eis und Cafe,Hamburg,Italian,5.0,1
BLINIt Russian Restaurant,Helsinki,Russian,4.5,1
Baskeri & Basso,Helsinki,European,4.5,2
Ask,Helsinki,European,4.5,4
Aito,Helsinki,European,4.5,2
Sushi Wagocoro,Helsinki,Japanese,5.0,2
Casa Italia,Helsinki,Italian,4.5,2
Atelje Finne,Helsinki,European,4.5,4
Dylan Marmoripiha,Helsinki,Mediterranean,5.0,2
Cafe' Rouge,Helsinki,Cafe,5.0,1
Raw 'n More Cafe,Helsinki,Cafe,5.0,2
Bastion Bistro,Helsinki,European,4.5,2
Kalatukku E. Eriksson Oy,Helsinki,Seafood,5.0,2
Bar Cafe Apero,Helsinki,French,5.0,2
Veggie,Helsinki,Cafe,4.5,1
Basbas,Helsinki,European,4.5,2
Sunkosi Kitchen,Helsinki,Nepali,5.0,2
Cafe Talo,Helsinki,Bar,4.5,2
Addis Ethiopian Kitchen,Helsinki,African,4.5,2
#Citypie - Fast Slow Food,Helsinki,Cafe,4.5,1
Norilla Kahvila,Helsinki,Japanese,5.0,2
Bar & Bistro Kiusaus,Helsinki,American,4.5,2
John's Coffee Shop,Helsinki,European,5.0,1
Presto,Helsinki,Italian,3.5,2
African Pots,Helsinki,African,4.5,1
Cafe Makiata,Helsinki,European,5.0,2
Casa Chipotle,Helsinki,Latin,5.0,1
Bar Base,Helsinki,Bar,4.5,2
Restaurant Laiska Karhu,Helsinki,Pub,5.0,2
Bumi Cafe,Helsinki,Asian,4.5,1
Mizu,Helsinki,Japanese,5.0,2
Minilicious Tea & Caphe,Helsinki,French,5.0,1
Kaffecentralen Korkeavuorenkatu,Helsinki,Cafe,5.0,1
Santino,Helsinki,Cafe,5.0,1
KOKORO Sushi (Vallila),Helsinki,Sushi,5.0,1
Bar Favela,Helsinki,Bar,4.5,2
AA Han Thai,Helsinki,Thai,4.5,1
Cafe Huvila,Helsinki,Scandinavian,4.5,2
Bar Bakkari,Helsinki,Bar,4.5,2
Cafe Hemma,Helsinki,Italian,4.5,2
Going Greek,Helsinki,Fast Food,5.0,2
Hunaja Cafe Oy,Helsinki,Cafe,5.0,2
La Soupe,Helsinki,Cafe,5.0,1
Surote,Helsinki,Fusion,5.0,1
Emoi,Helsinki,Asian,5.0,2
Bar Molotow,Helsinki,Bar,4.5,1
Sashi,Helsinki,Sushi,5.0,1
Blondie Bakes,Helsinki,American,4.5,2
Beefy Queen,Helsinki,Eastern European,4.5,1
Cafe Monami,Helsinki,Soups,4.5,2
Cafe Taideterassi,Helsinki,Cafe,4.5,2
Cafe Truffel,Helsinki,International,4.5,2
Bar Loose,Helsinki,Bar,4.5,2
Diyalo,Helsinki,Asian,4.0,2
Gossip Cafe,Krakow,Polish,5.0,2
Od Jajka Do Jablka,Krakow,International,5.0,2
Bistro Bene by Tomasz Lesniak,Krakow,Bar,5.0,2
M22 Beef'N'Chips,Krakow,American,5.0,1
Bottiglieria 1881,Krakow,European,5.0,4
Luna Siciliana,Krakow,Italian,5.0,1
Gruba Bula,Krakow,American,5.0,2
Gogo Burger,Krakow,American,5.0,1
Hummus Amamamusi Restaurant,Krakow,Lebanese,5.0,1
Marcelino Chleb i Wino,Krakow,Italian,5.0,2
Meat & Go,Krakow,Italian,5.0,1
Coffee Kiosk,Krakow,Italian,5.0,1
Jajownia,Krakow,Polish,5.0,1
Klub Wodki,Krakow,Pub,5.0,1
Makarun Sw. Tomasza,Krakow,Italian,5.0,1
Klub Stolarnia,Krakow,Polish,5.0,2
Paninoteca Vicenti,Krakow,Italian,5.0,1
Hariprasad Samosa&Curry,Krakow,Indian,5.0,1
Mama Didn't Lie,Krakow,American,5.0,1
Mandu,Krakow,Asian,5.0,1
Indalo Cafe,Krakow,Bar,5.0,1
Baza Pub,Krakow,Eastern European,5.0,1
PieRogi 2GO,Krakow,Polish,5.0,1
Atrium,Krakow,European,4.0,2
Ice Lab,Krakow,Polish,5.0,1
Bistro Beta,Krakow,Polish,5.0,2
Babbaluci,Krakow,Italian,5.0,2
Chez Nicholas,Krakow,French,5.0,2
Kawalerka,Krakow,Cafe,5.0,1
Lunch Bar U Jedrusia,Krakow,Polish,5.0,1
Bel Mondo Ice Craem Craft,Krakow,Polish,5.0,2
Brasailenia,Krakow,American,5.0,2
O ja Cie Donacie,Krakow,Cafe,5.0,1
Bistro GotuJemy,Krakow,Polish,5.0,1
House of Burger Krakow,Krakow,American,5.0,1
Che Bonta',Krakow,Pizza,5.0,1
"""Bistro Antidotum""",Krakow,Polish,5.0,1
Chicken Cafe,Krakow,American,5.0,1
Eataway,Krakow,Polish,5.0,4
Bonita Pizzeria,Krakow,Italian,5.0,1
Garaz Food & Wine,Krakow,Polish,5.0,2
Pierwszy Stopien,Krakow,Bar,5.0,1
Amsterdam Chips,Krakow,Belgian,5.0,1
Lili&Rose Chimney Cakes Bakery,Krakow,Polish,5.0,1
Fabryka Smaku,Krakow,Polish,5.0,1
Olimp K1,Krakow,Polish,5.0,1
Makarun Spaghetti and Salad,Krakow,Italian,5.0,1
Cup & Glass,Krakow,Cafe,5.0,1
Limoncello,Krakow,Italian,5.0,1
Bar 25,Krakow,Polish,5.0,1
Airy-Fairy,Krakow,Japanese,5.0,1
Estamine Art Food Drink,Lisbon,Bar,5.0,1
Frankie,Lisbon,American,4.5,1
BacoAlto,Lisbon,Portuguese,5.0,1
Limoncello,Lisbon,Italian,4.5,2
Darshan Nepal,Lisbon,Asian,5.0,1
Brooklyn,Lisbon,Cafe,4.5,1
Dom Queijo Cheese House,Lisbon,French,5.0,2
Bowls&Bar,Lisbon,Cafe,5.0,2
Beco a Serio,Lisbon,European,5.0,2
Bruta Flor,Lisbon,Mediterranean,5.0,2
Cervejaria Artesanal Adamastor,Lisbon,European,5.0,2
Bar 35 Lisboa,Lisbon,European,5.0,1
Distinto,Lisbon,Mediterranean,5.0,2
Conserva-te,Lisbon,Mediterranean,5.0,2
Batata Doce,Lisbon,African,5.0,2
Fabrica Imperial,Lisbon,European,5.0,1
CervejAlfama,Lisbon,Seafood,5.0,2
Antiga Wine Bar,Lisbon,European,5.0,2
Crouton,Lisbon,Pizza,5.0,2
Blend,Lisbon,Mediterranean,4.0,2
Diyalo,Lisbon,Vegetarian Friendly,5.0,1
A Talisca,Lisbon,European,5.0,2
Benformoso Restaurante & Bar,Lisbon,Asian,5.0,2
Friends Bairro Alto,Lisbon,Bar,5.0,1
Afonso a Torres,Lisbon,European,5.0,1
Focca,Lisbon,Italian,5.0,1
Fabrica Pastel Feijao,Lisbon,International,5.0,1
Dhan Shiri Restaurant,Lisbon,Indian,5.0,1
A Avo Tinha,Lisbon,European,5.0,2
D&D Arte de Degustar,Lisbon,European,5.0,2
Cafe Bertrand,Lisbon,European,5.0,2
Everest Restaurante Sao Jorge,Lisbon,European,5.0,1
Don Costini - Cais do Sodre,Lisbon,European,5.0,2
Cinebairro,Lisbon,Bar,5.0,1
Brunchy,Lisbon,Italian,5.0,1
Calcada do Cacau,Lisbon,Cafe,5.0,1
A Petisqueira da Boa-Hora,Lisbon,European,5.0,2
Ela Canela,Lisbon,Healthy,5.0,2
Bengal Restaurante,Lisbon,Indian,5.0,2
A Viagem Petiscaria-Bar,Lisbon,European,5.0,2
Casa NanBan Sushi,Lisbon,Japanese,5.0,2
Fabrica do Poema,Lisbon,Brazilian,5.0,2
EHL - Eight The Healt Lounge,Lisbon,Contemporary,5.0,1
Docel,Lisbon,European,5.0,1
Angel Kitchen,Lisbon,European,5.0,1
Estudantina Cafe,Lisbon,European,5.0,1
Alma Fidalga,Lisbon,African,5.0,2
Boca Cafe,Lisbon,International,4.0,2
Delisbon,Lisbon,European,5.0,2
Agapimu,Lisbon,Spanish,5.0,1
Casa Vintage,Lisbon,European,5.0,2
Das Tripas Coracao,Lisbon,European,5.0,1
Bar Real,Lisbon,Spanish,5.0,2
Crave,Lisbon,Fast Food,5.0,2
Electrico Cafe,Lisbon,European,5.0,2
Fari's Delice,Ljubljana,Fast Food,5.0,1
Druga Violina,Ljubljana,European,4.5,1
Cajna hisa,Ljubljana,Cafe,4.5,2
Abi Falafel,Ljubljana,Middle Eastern,4.5,1
Gostilna As,Ljubljana,Seafood,4.5,4
Ek Bistro,Ljubljana,Cafe,4.5,2
Vineria Del Ponte,Ljubljana,Wine Bar,5.0,2
Gostilna Dela,Ljubljana,Mediterranean,4.5,1
Das ist Valter,Ljubljana,Barbecue,4.5,1
Wine bar Suklje,Ljubljana,European,5.0,2
Zbornica,Ljubljana,International,5.0,1
Azur - tratorija s picami,Ljubljana,Italian,4.5,2
Atelje,Ljubljana,Steakhouse,4.5,4
Gostilna Jakob Franc,Ljubljana,European,4.5,2
Dezela Okusov,Ljubljana,Bar,4.5,2
Kolibri Cocktail Bar,Ljubljana,American,5.0,2
Mala Terasa,Ljubljana,European,5.0,1
Gostilna Kovac,Ljubljana,European,4.5,2
Bistro Zvezda,Ljubljana,Mediterranean,4.5,2
Barbarella Arkade Bistro (Vegan and Vegeterian),Ljubljana,Cafe,4.5,2
Bazilika Bistro,Ljubljana,Cafe,4.5,2
Burek Olimpija,Ljubljana,Slovenian,4.5,1
Asian Bistro OSHA,Ljubljana,Bar,4.5,1
Ajdovo Zrno,Ljubljana,European,4.5,2
10 v pol,Ljubljana,Eastern European,4.5,1
Dinner in the Sky,Ljubljana,European,4.5,4
Gostilna Pri Stricku,Ljubljana,European,5.0,2
Boschtiz,Ljubljana,Bar,5.0,2
Restavracija Harfa,Ljubljana,European,5.0,2
Gostilna Janezic,Ljubljana,European,4.5,2
Brodo,Ljubljana,European,5.0,1
Dvor Tacen,Ljubljana,Bar,4.5,2
Gostilna Florjanckov Hram,Ljubljana,European,4.5,2
Bazilika Krizanke,Ljubljana,Bar,4.5,2
Ajda,Ljubljana,Fast Food,4.5,1
Gostilnica Marjeta,Ljubljana,Italian,5.0,1
Kavarna in bistro MihaChef,Ljubljana,European,5.0,2
Bistro Ftp,Ljubljana,Mediterranean,4.5,2
Gostilna Cubr,Ljubljana,European,4.5,2
Kepca in Klasek,Ljubljana,European,5.0,2
Bistro Ambient,Ljubljana,Mediterranean,4.5,2
Gostilna Dobnikar,Ljubljana,European,4.5,2
Lavine - Ice cream rolls,Ljubljana,Delicatessen,5.0,1
Kodila,Ljubljana,Slovenian,5.0,1
Wine boutique DEKANTER,Ljubljana,European,5.0,4
BOEM - Tradicionalna Srbska Restavracija,Ljubljana,European,4.5,2
Atrium,Ljubljana,International,4.5,2
Gig,Ljubljana,International,4.5,1
Dobra Vila Pizzeria,Ljubljana,Pizza,4.5,1
Casa Wine & Tapas,Ljubljana,Cafe,4.5,1
Bar 61 Restaurant,London,Mediterranean,5.0,2
Adore Remo,London,Italian,5.0,2
Alexandrie Restaurant,London,Mediterranean,5.0,4
140 Portobello,London,French,5.0,2
Alcedo Bistro & Bar,London,European,5.0,2
Hibiscus,London,French,4.0,4
129HRD,London,European,5.0,2
Apollo Restaurant,London,Barbecue,5.0,2
Alla Salute,London,Italian,5.0,2
Arment WJ & Son,London,Fast Food,5.0,1
Ecco,London,Italian,4.5,1
Asmak albasha,London,Middle Eastern,5.0,2
Aurora,London,European,4.5,2
Aleion,London,Vegetarian Friendly,5.0,2
All Inn One,London,Bar,5.0,2
Baristas Fusion Cafe,London,European,5.0,1
Bariba' Italian Deli,London,Italian,5.0,2
Bar 48,London,Bar,5.0,2
Bacaro,London,Italian,4.5,2
Bbq Grill,London,Mediterranean,5.0,1
Atlas,London,Bar,4.5,2
Alcazar Lounge,London,Grill,5.0,2
Le Gourmet,London,Lebanese,4.5,1
Asoo's,London,Indian,5.0,2
Chicken Kitchen,London,Caribbean,4.5,1
Andu Cafe,London,African,5.0,1
Apulia Cafe Ltd,London,Italian,5.0,2
B'acino,London,International,5.0,2
Baalbakis Restaurant,London,Lebanese,5.0,2
Arirang,London,Asian,3.5,2
Aqua Deli,London,Cafe,5.0,1
Vesuvio Cafe,London,Cafe,4.5,1
Amici,London,Italian,3.5,2
222 Kitchen,London,European,5.0,2
Amalfi caffeUK,London,Italian,5.0,1
Anima Sarda Italian Restaurant,London,Italian,5.0,2
Alex's Place | Kebab And Steak House,London,Fast Food,5.0,1
Art Deli,London,Cafe,5.0,1
3 Points Cafe,London,Cafe,5.0,2
Cocorico,London,Italian,4.0,2
Babel Cafe & Restaurant,London,Lebanese,5.0,2
Al Farah Cafe,London,Lebanese,5.0,1
Aromma,London,Cafe,5.0,1
Attendant Clerkenwell,London,European,5.0,2
B Grill,London,European,5.0,2
Acton Cafe,London,Cafe,5.0,1
1n1 Fashion n Pizza,London,Italian,5.0,1
Balti Lounge,London,Indian,5.0,2
Amici Coffee Deli,London,Delicatessen,5.0,1
Ambience Express 2,London,Fast Food,5.0,1
Asador Argentine Steaks and Burger,London,Steakhouse,5.0,1
Cafe Mimosa,London,British,5.0,2
Andalucia Palace,London,British,5.0,2
7 Tales,London,Japanese,5.0,2
Amigos Restaurant Ltd,London,Chinese,5.0,2
Ana's Croquetas,London,Spanish,5.0,1
All In A Pickle,London,Delicatessen,5.0,2
Asian Restaurant,London,Indian,5.0,1
El Patron,London,Mexican,5.0,1
BeBelge,London,Belgian,5.0,1
Aromatic Delicatessen,London,Italian,5.0,2
Essenza,London,Italian,3.5,2
Ecco,London,Pizza,3.5,1
Amici,London,Italian,4.0,2
Agora Greek Bakery,London,Greek,5.0,2
Steam Bar,London,Bar,2.5,2
Amigos Mediterranean Restaurant,London,Latin,5.0,2
Clairefontaine,Luxembourg,French,4.5,4
Cyrano,Luxembourg,Italian,4.5,2
Athena Restaurant Grec,Luxembourg,Mediterranean,4.5,2
Ambrosia,Luxembourg,Mediterranean,4.5,2
Batucada,Luxembourg,Grill,4.5,2
Essenza,Luxembourg,Bar,4.5,2
Bistro Podenco,Luxembourg,Mediterranean,4.5,2
Fu Lu Shou Inn,Luxembourg,Chinese,4.5,2
Brasserie L'Annexe,Luxembourg,French,4.5,2
Pizzeria bei der Auer,Luxembourg,Italian,5.0,2
Golden Chopsticks,Luxembourg,Japanese,4.5,2
Namaste,Luxembourg,Indian,4.0,2
Cafe Bel Air,Luxembourg,Vegetarian Friendly,4.5,2
Au P'tit Max,Luxembourg,French,4.5,2
Come Prima,Luxembourg,Italian,4.5,2
Bei De Bouwen,Luxembourg,European,4.5,2
Bistro Carthago,Luxembourg,Mediterranean,4.5,2
Culturando,Luxembourg,Italian,4.5,2
Brooklyn,Luxembourg,American,4.5,2
La Piazzetta,Luxembourg,Italian,5.0,1
Bonifas,Luxembourg,French,4.5,2
Dipso - the Wine Republic,Luxembourg,European,4.5,2
Aubergine,Luxembourg,French,4.5,2
Aux delices du Wok,Luxembourg,Chinese,4.5,2
Colisee,Luxembourg,Mediterranean,5.0,2
Al Bacio,Luxembourg,Italian,4.5,2
Bick Stuff,Luxembourg,French,4.5,2
Caffe Torino,Luxembourg,Italian,4.5,2
Hakii Belair,Luxembourg,Japanese,4.5,2
Jiaoli et Ses Amis,Luxembourg,Vegetarian Friendly,5.0,2
Cafe de Tramways,Luxembourg,Bar,4.5,1
Cercle Munster,Luxembourg,French,4.5,4
Ennert de Steiler,Luxembourg,Bar,4.5,2
Appayan,Luxembourg,Indian,4.5,2
Awada,Luxembourg,Japanese,4.5,2
Brasserie Wenzel,Luxembourg,International,4.5,2
Chicken Kitchen,Luxembourg,American,4.5,2
Amelys,Luxembourg,European,4.5,2
Il Destino,Luxembourg,Italian,5.0,2
Haid 'Art Cafe,Luxembourg,Fusion,5.0,2
Boulangerie Grevig,Luxembourg,French,5.0,1
Atelier Del Gusto Limpertsberg,Luxembourg,Italian,4.5,1
MOKA Bar&Restaurant,Luxembourg,Italian,5.0,2
Rising Nepal,Luxembourg,Indian,5.0,2
Mu Luxembourg,Luxembourg,French,5.0,4
Aller Retour,Luxembourg,French,4.5,2
Streatchef Food Truck Luxembourg,Luxembourg,French,5.0,1
Gourmandises Permises,Luxembourg,Cafe,4.5,2
Brasserie du Strasbourg Orient Express,Luxembourg,Mediterranean,4.5,2
Au Plaisir de Vivre,Luxembourg,Vegetarian Friendly,4.5,2
Fama Ristorante Pizzeria,Luxembourg,Italian,4.5,2
Aromatic,Lyon,French,5.0,2
Le Supreme,Lyon,French,5.0,4
La Bouteillerie,Lyon,French,5.0,2
Le Book-Lard,Lyon,French,5.0,1
La Gamelle de Montchat,Lyon,French,5.0,2
Le Zeste Gourmand,Lyon,French,5.0,4
Himalia,Lyon,Italian,5.0,1
Le Comptoir des Cousins,Lyon,French,5.0,2
LE LUMINARIUM,Lyon,French,5.0,1
Mike Restaurant,Lyon,American,5.0,2
Les Enfants Terribles,Lyon,French,3.5,2
Le Petit Bouclard,Lyon,French,5.0,2
Chateauneuf du Peuple,Lyon,Wine Bar,5.0,2
Du Monde Ailleurs,Lyon,Lebanese,5.0,1
Lucien et La Cocotte,Lyon,Fast Food,5.0,2
Bentomania,Lyon,Japanese,5.0,2
Monsieur P,Lyon,French,5.0,4
Les Tontons Burgers,Lyon,American,5.0,2
Jiang.Xin,Lyon,French,5.0,2
Chez Marion,Lyon,French,5.0,2
Le Jeu de Quilles,Lyon,French,5.0,2
Gabriella,Lyon,Italian,5.0,2
Coffret du Gourmet,Lyon,French,5.0,2
Kitchen Garden,Lyon,French,5.0,2
L'Ecume,Lyon,French,5.0,2
Brooklyn Gourmet Bagels Co.,Lyon,American,5.0,1
Hector,Lyon,French,5.0,2
Coney Cookies,Lyon,French,5.0,2
Banh Mi,Lyon,Asian,4.5,2
Crepe Tower,Lyon,French,5.0,2
Mansaya,Lyon,Cajun  Creole,5.0,2
L'Odyssee de Nima,Lyon,African,5.0,2
Maison Guitel,Lyon,French,5.0,1
Barocco,Lyon,Italian,3.0,2
Le Biniou,Lyon,French,5.0,1
Le Jardin du Paradis,Lyon,Mediterranean,5.0,2
Le Plateau De Manu,Lyon,French,5.0,2
A la folie,Lyon,French,5.0,2
La Fonderie,Lyon,Brew Pub,5.0,1
Boulangerie Saint Paul,Lyon,French,5.0,1
Madelice Burger Grill Gourmet,Lyon,French,5.0,2
Assiette et Maree,Lyon,Seafood,5.0,4
L'Assiette autour du Vin,Lyon,French,5.0,2
Maison Deschamps Boulangerie Cafe,Lyon,French,5.0,2
Fournil San Priots,Lyon,French,5.0,1
Les Gourmandises D'Alexandre,Lyon,Wine Bar,5.0,2
Garden,Lyon,Street Food,5.0,2
LA KOLOK - LYON 1er,Lyon,French,5.0,1
Maison Tacca,Lyon,Italian,5.0,2
Le 42,Lyon,French,5.0,2
Le Cafe Saint Germain,Lyon,French,5.0,2
Namaste,Lyon,Indian,5.0,2
Bistrot Chardonnet,Lyon,French,5.0,2
Cebo,Madrid,Mediterranean,5.0,4
Astor,Madrid,International,5.0,2
Brew Wild Pizza Bar,Madrid,Brew Pub,5.0,2
Bombardino Cafe,Madrid,Italian,5.0,2
Bizikletak,Madrid,Mediterranean,5.0,2
Calicanto Madrid,Madrid,Mediterranean,5.0,2
Arbonaida Bar,Madrid,Mediterranean,5.0,2
La Tavernetta,Madrid,Italian,4.5,2
Cafe Bar Quinta,Madrid,Mediterranean,5.0,2
Arrayan,Madrid,Mediterranean,5.0,4
Cereal Talent Cafe,Madrid,American,5.0,1
20 A La Cata,Madrid,Cafe,5.0,2
Baiyor,Madrid,Thai,5.0,2
Ahora En El 16,Madrid,Mediterranean,5.0,2
20 A La Cata,Madrid,Cafe,5.0,2
Bicoca Gastro Bar,Madrid,Spanish,5.0,2
Cantina Canalla - G.Paredes,Madrid,Mexican,5.0,2
Cascorro Bistrot,Madrid,French,5.0,2
AGOSTO bar,Madrid,Spanish,5.0,1
Bar Pacoteo,Madrid,Spanish,5.0,1
Denay Coffee Bar,Madrid,Bar,5.0,1
BeeHealthyShop,Madrid,Asian,5.0,1
Condominium Tapas Bar,Madrid,Vegetarian Friendly,5.0,1
CUXTA Antojitos-Beer & Shop,Madrid,Mexican,5.0,2
AviBurger,Madrid,American,5.0,2
Deli Peppe,Madrid,Italian,5.0,1
Cafe Bar Mama Tere,Madrid,Central American,5.0,2
Cafrune,Madrid,Vegetarian Friendly,5.0,2
Delish Vegan Doughnuts,Madrid,American,5.0,1
Delish Vegan Doughnuts,Madrid,American,5.0,1
Alicia Maravillas Pasteleria & Brunch,Madrid,Cafe,5.0,2
Bunny's Deli,Madrid,Cafe,5.0,2
Churreria Pinilla,Madrid,Spanish,5.0,1
Camperos Malaguenos,Madrid,Fast Food,5.0,1
Cocina 34,Madrid,Spanish,5.0,1
Cafeteria restaurante virgo,Madrid,Spanish,5.0,2
Chacabuco 9-30,Madrid,Spanish,5.0,2
Bartoky's,Madrid,Japanese,5.0,1
Brasserie Antoinette,Madrid,French,5.0,2
Cafeteria Lima,Madrid,Bar,5.0,1
Chickenchicken,Madrid,Steakhouse,5.0,2
Cantespino,Madrid,Spanish,5.0,4
Alibai Food & Bar,Madrid,Fusion,5.0,2
Bar del Reves,Madrid,Spanish,5.0,1
Chapela Tienda&Cafe,Madrid,Spanish,5.0,2
Al Otro Lado Del Mediterraneo,Madrid,French,5.0,1
Celicioso Callao,Madrid,American,5.0,2
Delicakes,Madrid,Italian,5.0,1
Caracola,Madrid,Mediterranean,5.0,1
Agrado Bistro,Madrid,Mediterranean,5.0,2
Degustazone,Madrid,Mediterranean,5.0,2
Allo Pizza,Madrid,Italian,3.5,1
Come Prima,Madrid,Italian,4.0,2
Casablanca Taberna,Madrid,Mediterranean,5.0,2
Cafe del Sur,Madrid,Spanish,5.0,2
Dersett,Milan,Italian,5.0,2
Essenza,Milan,Italian,4.5,4
Kate Away,Milan,Italian,5.0,2
Namaste,Milan,Indian,4.0,2
Bosco Verticale Restaurant Milano,Milan,Italian,5.0,2
Bufalatte,Milan,Delicatessen,5.0,2
Pepe e Sale,Milan,Italian,3.5,2
Il Panino,Milan,Italian,5.0,1
Ishi Restaurant Fusion,Milan,Chinese,5.0,2
Acero,Milan,Chinese,4.0,2
Cous-Cous Restaurant,Milan,Italian,5.0,2
Avgvsto Premiata Gelateria,Milan,Vegan Options,5.0,2
AltaGuardia17,Milan,Mediterranean,5.0,4
Bison Steak House,Milan,Steakhouse,5.0,2
Big Sandwich,Milan,Italian,5.0,2
Flavors Milano,Milan,Italian,5.0,1
Acai Sisters,Milan,International,5.0,1
King of Salads,Milan,Italian,5.0,2
Enoteca Max's Wine,Milan,Italian,5.0,2
Furment E Fumeri,Milan,Italian,5.0,2
Glitter Bar Tabaccheria,Milan,Cafe,5.0,1
Blend,Milan,Italian,5.0,1
Bellini Brothers dal 1963,Milan,Bar,5.0,1
KIOSKO sushi and more,Milan,Japanese,5.0,2
Gnulot,Milan,Italian,5.0,1
Hopduvel,Milan,Brew Pub,5.0,2
Galli Take Away Pizza,Milan,Pizza,5.0,1
404 e-Sport Lounge Bar,Milan,Bar,5.0,1
Hops Beer Shop Milano,Milan,Brew Pub,5.0,2
BebelMilano,Milan,Italian,5.0,1
Felix,Milan,Italian,4.0,2
Il Corbello,Milan,Italian,5.0,2
Infinito x 2 Da Flavia,Milan,Italian,5.0,2
Grand Lounge & Bar by Eataly,Milan,Bar,5.0,4
Filzi Milano Cafe & Restaurant,Milan,Mediterranean,5.0,2
Foodstock Truck,Milan,Italian,5.0,2
Caffineria,Milan,Italian,5.0,2
Japanese Ice,Milan,Japanese,5.0,2
Ambrosia,Milan,Italian,4.0,2
Gelateria Il Mio Sogno..il Tuo Gusto,Milan,Vegan Options,5.0,2
Bar Est - Bottiglieria,Milan,Italian,5.0,2
Happy Mood,Milan,Bar,5.0,1
Easy Fruit,Milan,Italian,5.0,1
CrudoCotto by Rovagnati 1943,Milan,Italian,5.0,2
DoEat,Milan,Chinese,5.0,2
Al Boschetto da Gabry e Figli,Milan,Italian,5.0,1
Artis Coffee Milano,Milan,Italian,5.0,2
DrinKasi,Milan,Italian,5.0,2
Adaga Bar Della Palestra,Milan,Italian,5.0,2
Bar Gelateria Dolce Amaro,Milan,Italian,5.0,2
Barlady Cafe,Milan,European,5.0,1
Gastronomia Menescaldi,Milan,Delicatessen,5.0,2
Enjoy,Milan,Italian,5.0,1
I Territori di Bottiglie Aperte,Milan,Italian,5.0,2
Butterfly Lounge Bar,Milan,Italian,5.0,1
Caffe Torino,Milan,Italian,3.0,2
Amsterdam Chips,Milan,Fast Food,2.5,1
Bar Carpe Diem,Milan,Italian,5.0,1
Aurora,Milan,Italian,4.0,2
Chopan Schwabing,Munich,Middle Eastern,5.0,2
Oanh,Munich,Asian,5.0,2
Dinnerhopping,Munich,Italian,5.0,2
Restaurant Pils Corner,Munich,German,5.0,2
Nur Einmal Leben,Munich,Mediterranean,5.0,2
Mille Miglia,Munich,Italian,5.0,2
Restaurant Ebert,Munich,Contemporary,5.0,4
Gustoteca,Munich,Italian,5.0,2
Restaurant Zauberberg,Munich,European,5.0,4
Restaurant Gabelspiel,Munich,French,5.0,4
Barocco,Munich,Mediterranean,5.0,2
Osteria da Massimo,Munich,Italian,5.0,2
Co Do Bistro,Munich,Sushi,5.0,1
Happy Fildjan,Munich,Vegetarian Friendly,5.0,2
Pepe e Sale,Munich,Italian,5.0,2
Cafe Mandala,Munich,Cafe,5.0,2
Agusto77,Munich,Italian,5.0,2
Beirutbeirut,Munich,Lebanese,5.0,1
Rebella Bex Energy Food & Move,Munich,Mediterranean,5.0,1
La Stellina,Munich,Vegetarian Friendly,5.0,1
La Tavernetta,Munich,Italian,5.0,2
Make Falafel Not War,Munich,Middle Eastern,5.0,1
Hanami Sushi Addict,Munich,Japanese,5.0,2
Garden,Munich,European,4.5,4
Kleine Rose,Munich,Mediterranean,5.0,1
Andelong Asia Imbiss,Munich,Chinese,5.0,1
Restaurant Erber,Munich,German,5.0,2
Boulangerie Dompierre,Munich,French,5.0,1
Cafe Colombo,Munich,Italian,5.0,1
John Montagu Sandwich Bar,Munich,American,5.0,1
Campanula,Munich,Japanese,5.0,2
GourmetBar,Munich,German,5.0,2
Necado Kaffeeladen,Munich,Cafe,5.0,2
El Gusto,Munich,Spanish,5.0,1
Cafe Va bene,Munich,Italian,5.0,2
Jinda's Corner,Munich,Thai,5.0,1
Milchreise,Munich,German,5.0,1
Monte Grappa,Munich,Indian,5.0,2
Isar Alm,Munich,German,5.0,1
Lo Spuntino,Munich,Italian,5.0,2
Cafe Gina Nido,Munich,Italian,5.0,1
HQ-Wok Foodstyle,Munich,Chinese,5.0,1
Piyush,Munich,Italian,5.0,2
Maoz Vinyl & Kaffee,Munich,Cafe,5.0,1
Lezizel Manti - RiemArcaden,Munich,Turkish,5.0,2
Nenas Cafe,Munich,German,5.0,1
Goldstuck,Munich,French,5.0,2
Ayurvedic Indisches Restaurant,Munich,Indian,5.0,2
Moejo91 Munchen Bar & LoungeClub,Munich,Sushi,5.0,2
Che Follia,Munich,Italian,5.0,1
Barfly&Kitchen,Munich,Italian,5.0,2
Namaste,Munich,Indian,3.5,2
MUU Steakhouse,Oporto,Steakhouse,5.0,4
Hungry biker,Oporto,Cafe,5.0,1
Laurear,Oporto,European,5.0,2
Euskalduna Studio,Oporto,European,5.0,4
Droop food & Wine,Oporto,Mediterranean,5.0,2
Conversas Vadias,Oporto,Japanese,5.0,2
Creperie Le Gwenn Ha Du,Oporto,Vegetarian Friendly,5.0,1
Cacau Wine Terrace,Oporto,Wine Bar,5.0,2
Aurora,Oporto,Mediterranean,4.0,2
Arco de Verdades,Oporto,Wine Bar,5.0,2
Negra Cafe,Oporto,Cafe,5.0,2
Epoca Cafe,Oporto,Cafe,5.0,1
Com Cuore,Oporto,Gluten Free Options,5.0,1
Dom Prato,Oporto,European,5.0,2
A lojinha do Leitao,Oporto,European,5.0,1
Kinay,Oporto,Mediterranean,5.0,1
Art Da Picanha,Oporto,Brazilian,5.0,2
Boca de Cena,Oporto,Spanish,5.0,1
Boa Ideia! cafe,Oporto,Cafe,5.0,1
Nix Invicta,Oporto,Seafood,5.0,2
Doxa,Oporto,French,5.0,1
Beef Douro,Oporto,Steakhouse,5.0,2
Holi Caffe,Oporto,Italian,5.0,1
Casa Diogo,Oporto,European,5.0,1
ARCA Pub,Oporto,Bar,5.0,2
Cha das Cinco,Oporto,Cafe,5.0,2
Berry,Oporto,Healthy,5.0,1
"Mongu - Granel, Sabor & Saude",Oporto,Healthy,5.0,2
Do You Remember,Oporto,European,5.0,2
Mercato Restaurant,Oporto,International,5.0,2
"Beer, Beef & Beyond",Oporto,Steakhouse,5.0,1
Mariscos da Foz,Oporto,Seafood,5.0,1
Cerca Velha - Food & Drinks,Oporto,Mediterranean,5.0,1
Casa Aberta Open Bar & Food House,Oporto,European,5.0,2
Faceburguer Porto,Oporto,Brazilian,5.0,1
Biscoito Sweets & Snacks,Oporto,Cafe,5.0,1
Casa das Cristas,Oporto,Cafe,5.0,1
Docinhos da Ana,Oporto,European,5.0,1
Bufete Rapide,Oporto,European,5.0,2
Marisco-online.pt,Oporto,Seafood,5.0,2
Confeitaria Serrana,Oporto,European,5.0,1
Mr. Pepper,Oporto,International,5.0,2
Caffe 55,Oporto,European,5.0,1
Africa Bar,Oporto,African,5.0,2
Miss Morning,Oporto,European,5.0,2
Biscuit,Oporto,European,5.0,1
Cantinho das Zezas,Oporto,Portuguese,5.0,2
Noa Restaurante Tapas Bar,Oporto,Japanese,5.0,2
Belisque,Oporto,Mediterranean,5.0,2
Espaco Aska Lounge Cafe,Oporto,Bar,5.0,1
D'Epoca,Oporto,European,5.0,2
hos Thea,Oslo,French,5.0,4
Brasserie France,Oslo,French,4.5,2
Alex Sushi,Oslo,Japanese,4.5,4
Brasserie Paleo,Oslo,European,4.5,2
Benares Indisk Restaurant,Oslo,Indian,4.5,2
Arakataka,Oslo,European,4.5,4
Habits Coffee,Oslo,Cafe,5.0,1
Aymara,Oslo,Peruvian,4.5,2
Asian Box,Oslo,Japanese,4.5,2
Brasserie Blanche,Oslo,French,4.5,2
Restaurant Foodie,Oslo,International,5.0,4
Bokbacka,Oslo,Contemporary,4.5,4
Restaurant Fangst,Oslo,Japanese,5.0,2
Barcia Bistro Bar By San Leandro,Oslo,Mediterranean,4.5,2
Bon Lio,Oslo,Mediterranean,4.5,4
Backstube,Oslo,European,5.0,1
Campo de Fiori,Oslo,Italian,5.0,2
Omakase,Oslo,Japanese,5.0,4
WU Sushi & Sake bar,Oslo,Japanese,5.0,2
Anatolia Restaurant,Oslo,Mediterranean,4.5,2
Baremas Tapas & Bar Oslo,Oslo,Sushi,4.5,2
4Gringos,Oslo,Mexican,4.5,1
Barramon,Oslo,Spanish,4.5,2
Bare Jazz,Oslo,Cafe,4.5,2
Munchies,Oslo,American,3.5,2
Vesuvio Cafe,Oslo,Italian,5.0,4
Atelier Asian Tapas,Oslo,Asian,4.5,2
Oslo k,Oslo,European,5.0,1
Arno Ristorante,Oslo,Italian,4.5,2
Dyna Fyr,Oslo,Seafood,5.0,4
Banh Mi Mot,Oslo,Fast Food,4.5,1
Cafe Di Roma,Oslo,Italian,4.5,1
Bjolsen Bakeri,Oslo,European,4.5,1
Orlando's Pub,Oslo,Pub,5.0,2
Xiangs Kjokken,Oslo,Sushi,5.0,2
Proletaren,Oslo,Soups,5.0,1
Brooklyn Burger Joint,Oslo,American,4.5,2
Blings,Oslo,European,4.5,1
Broedbakerne Skoeyen,Oslo,French,4.5,1
Justwokit,Oslo,Thai,5.0,1
Havets Fryd,Oslo,European,5.0,1
Godt Brod Bekkestua,Oslo,European,5.0,2
Backstube Oslo City,Oslo,Italian,4.5,1
Brooms & Hatchets,Oslo,Bar,4.5,2
Emilio's Vinbar,Oslo,Wine Bar,5.0,2
Desi house Oslo,Oslo,Indian,5.0,4
Ekte Vare Okologisk Dagligvare,Oslo,European,5.0,2
Burger Bite As,Oslo,American,4.5,1
Bamboo Sushi,Oslo,Japanese,4.0,2
BRUS Bar Oslo,Oslo,International,4.5,4
Aften pizza og grill,Oslo,Pizza,4.5,1
Anne Paa Landet,Oslo,Street Food,4.5,2
ASPIC,Paris,French,5.0,4
Alliance,Paris,French,5.0,4
Arnaud Nicolas,Paris,French,5.0,4
24 Le Restaurant,Paris,French,5.0,4
Comme Chez Soi,Paris,French,4.0,2
BMK Paris-Bamako,Paris,African,5.0,2
Alix et Mika French Cut Lovers -,Paris,French,5.0,2
Aux 2eme Saveurs,Paris,French,5.0,2
Blend Hamburger Odeon,Paris,French,5.0,2
A Cursita,Paris,Vegetarian Friendly,5.0,2
Acquerello,Paris,Italian,5.0,1
Cocorico,Paris,French,4.5,2
24 Zones,Paris,African,5.0,2
Amadae,Paris,French,5.0,2
Bijou,Paris,Italian,4.0,2
La Piazzetta,Paris,Italian,4.0,2
Beyit Jedo,Paris,Lebanese,5.0,2
Bread and Roses,Paris,French,4.0,2
Alan Geaam Restaurant,Paris,French,5.0,4
Au P'tit Curieux,Paris,Italian,5.0,2
Au Vin-Set,Paris,Wine Bar,5.0,2
Blun,Paris,French,5.0,2
1ndix Cafe,Paris,French,5.0,2
Bistro Le Carreau,Paris,Vegetarian Friendly,5.0,2
Le Gourmet,Paris,French,4.5,1
7 Au Marais,Paris,International,5.0,2
Bidoche Boucherie Restaurant,Paris,French,5.0,2
Felix,Paris,French,4.5,2
Aromes Coffeeshop,Paris,French,5.0,2
Bibimbowl,Paris,Asian,5.0,1
BAAGAA,Paris,French,5.0,2
Aperitivo,Paris,Italian,5.0,2
Baosian,Paris,Asian,5.0,1
Hector,Paris,French,4.5,2
BAM Bon a Manger,Paris,French,5.0,2
Bistrot Medaillon,Paris,French,5.0,2
Bread and Roses,Paris,French,4.0,2
Bleu Olive,Paris,French,5.0,2
Allegria Paris,Paris,Italian,5.0,2
Aki Cafe,Paris,Japanese,5.0,2
Ai-Hua Restaurant,Paris,Asian,5.0,2
Api,Paris,French,5.0,2
Be Veggie,Paris,French,5.0,2
Amici,Paris,Italian,5.0,2
Gossip Cafe,Paris,Bar,3.5,2
Bagel Day'S,Paris,American,5.0,1
Baci,Paris,Italian,5.0,2
Bi Good,Paris,Italian,5.0,1
Bat Un Kare,Paris,Cajun  Creole,5.0,2
Automne,Paris,French,5.0,4
Asuka,Paris,Japanese,5.0,2
Au Poulailler La Rotisserie D'Antan,Paris,French,5.0,1
BAP Repas Coreen,Paris,Asian,5.0,2
Bio Degustation,Paris,French,5.0,2
Bar La Tamise,Paris,Contemporary,5.0,2
Au Jour J,Paris,French,5.0,2
Birdy's,Paris,Grill,5.0,1
Antepasto,Paris,Mediterranean,5.0,2
La Piazzetta,Paris,Italian,3.5,2
Allo Pizza,Paris,Pizza,5.0,2
62 Degres,Paris,French,5.0,2
Feyrouz,Paris,Lebanese,3.5,2
Banh Mi,Paris,Vietnamese,3.5,1
Alexandros,Paris,Greek,3.5,1
Be Bop Lobby Bar,Prague,International,5.0,2
Czech Slovak Restaurant Lounge Bar,Prague,European,5.0,2
10hp,Prague,Vegetarian Friendly,5.0,2
Bistrot 104,Prague,Czech,5.0,4
Bistro Kaprova,Prague,Italian,5.0,4
Cafe Na hlas,Prague,Cafe,5.0,1
Equilibrista Italian restaurant,Prague,Italian,5.0,2
Cili Bar,Prague,Bar,5.0,2
Brixton Balls,Prague,Fast Food,5.0,1
ArtChaos Bar,Prague,Bar,5.0,2
Chutnej Fast Food - vegan restaurant and Delivery,Prague,Pizza,5.0,1
Cafe La Familia,Prague,French,5.0,1
Bistro Valecek,Prague,Eastern European,5.0,1
Bistro Kostelni 16,Prague,Mediterranean,5.0,2
Cafe Silesia,Prague,Italian,5.0,2
Diversion bistro,Prague,International,5.0,2
Cafe Frida,Prague,Mexican,4.5,2
Cafe Ami Prague,Prague,Italian,5.0,2
Cafe Des Taxis,Prague,Cafe,5.0,1
Arirang,Prague,Japanese,5.0,1
Bep Viet,Prague,Vietnamese,5.0,1
Amuse Restaurant,Prague,Fast Food,5.0,1
Chateau Safarikova French wine bar,Prague,French,5.0,2
Cicovicky Dvur,Prague,European,5.0,2
BougainvilleaConcept Store & Bar,Prague,International,5.0,4
Booze & Food,Prague,Italian,5.0,1
Blue vegan pig,Prague,Italian,5.0,1
Corso Bellevue,Prague,Mexican,5.0,2
Caffe Trieste - Na Pankraci,Prague,Italian,5.0,2
Caffe Dallucci,Prague,European,5.0,1
Chiringuito Gourmet,Prague,Italian,5.0,2
Balarama,Prague,Indian,5.0,1
Flavours Wine&Deli,Prague,Italian,5.0,2
Cajovna u Dzoudyho,Prague,Mediterranean,5.0,2
Bajkazyl,Prague,Cafe,5.0,1
Bistro V nebi,Prague,European,5.0,1
BARTIDA Degustation Bar & Shop,Prague,Bar,5.0,2
Brut. - Wines & Oysters,Prague,French,5.0,2
Bylinkova Terapie,Prague,Bar,5.0,2
23 Downtown,Prague,Indian,5.0,2
Amuni,Prague,Italian,5.0,2
Elements Restaurant Prague,Prague,Italian,5.0,2
Cafe Bike,Prague,Italian,5.0,1
Chanbar,Prague,International,5.0,1
Aura Lounge Prague,Prague,Bar,5.0,1
Bistro Palermo,Prague,Italian,5.0,2
Cafe Start,Prague,Cafe,5.0,1
Cafe Kepler,Prague,European,5.0,1
Don Cafeto,Prague,European,5.0,1
Enjoy,Prague,Thai,3.5,1
Presto,Prague,Fast Food,3.5,1
Cafe no. 22,Prague,Italian,5.0,1
Coffee & Waffles,Prague,Belgian,5.0,1
Bread-in,Rome,Italian,5.0,1
Arrosticino Pane & Vino,Rome,Italian,5.0,2
'O FAMO STRANO,Rome,Fast Food,5.0,1
Burger Bistrot,Rome,Italian,5.0,2
Brusco Lo Strabuono,Rome,Italian,5.0,1
Alchimia Foodlab,Rome,Italian,5.0,1
A Favela - Churrascaria e Restaurante,Rome,Brazilian,5.0,2
Bistrot Veg & Veg,Rome,Italian,5.0,2
Binomio Beer and Wine,Rome,Mediterranean,5.0,2
Amor di Pasta,Rome,Italian,5.0,1
ATTIANI,Rome,Italian,5.0,2
Cafe MeMe,Rome,Cafe,5.0,2
La Fornace,Rome,Italian,4.0,2
Barbarossa BeerFood,Rome,Italian,5.0,1
Caffe Gramuglia,Rome,Mediterranean,5.0,2
Bio Sphere,Rome,Soups,5.0,2
Burger Kitchen,Rome,Italian,5.0,1
Perbacco,Rome,Italian,4.0,2
Aroma Osteria Trastevere,Rome,Italian,5.0,2
Bruno,Rome,Italian,4.0,2
La Bomboniera,Rome,Italian,4.0,2
Bar delle Grazie,Rome,Italian,5.0,1
Bar La Piazzetta,Rome,Italian,5.0,1
La Tavernetta,Rome,Italian,4.5,1
Cafe Dejavu bistrot,Rome,Italian,5.0,1
Birra+,Rome,Pub,5.0,1
331 Piadineria,Rome,Italian,5.0,1
La Tasca,Rome,Venezuelan,4.5,1
Bacco Birichino,Rome,Italian,5.0,1
Antico Forno Cotugno 1954,Rome,Pizza,5.0,2
Arirang,Rome,Asian,4.0,2
Banchetto 26,Rome,Italian,5.0,1
A Putia Rosticceria Siciliana,Rome,Italian,5.0,1
Lo Spuntino,Rome,Italian,4.0,1
Apollinare Vineria-Cocktail Bar,Rome,Italian,5.0,4
Boom Boom Pizza,Rome,Italian,5.0,1
Bar Italo,Rome,Italian,5.0,2
Bar packy cafe,Rome,Bar,5.0,1
Boba Bar,Rome,Italian,5.0,1
710,Rome,Italian,5.0,1
Bar dello Sport,Rome,Italian,5.0,4
Bar Cafe Fantini,Rome,Italian,5.0,1
Blanca gelateria,Rome,Italian,5.0,2
Birreria Numero 10,Rome,Brew Pub,5.0,2
Bender Pub,Rome,Italian,5.0,2
Biolee,Rome,Italian,5.0,1
Autoctono Bistrot,Rome,Italian,5.0,4
ApeFinger,Rome,Italian,5.0,2
Bottegari,Rome,Italian,5.0,2
Bag Caffe,Rome,Italian,5.0,1
Beirut Fast Food,Rome,Italian,5.0,1
Bar del parco,Rome,Delicatessen,5.0,1
Bonta Novella,Rome,Italian,5.0,1
Brasia,Rome,Pizza,5.0,4
Avigail Kosher,Rome,Italian,5.0,2
Atlas,Rome,Italian,5.0,1
"Associazione Culturale Albatross Golf, Wine & Food",Rome,Wine Bar,5.0,1
Americanbar XXL,Rome,American,5.0,2
Adam & Albin Matstudio,Stockholm,European,4.5,2
Aifur Krog & Bar,Stockholm,Swedish,4.5,2
Akkurat Bar & Restaurant,Stockholm,Bar,4.5,2
Kagges,Stockholm,European,5.0,4
Aloe,Stockholm,European,4.5,4
Alegria Tapas Bar,Stockholm,Mediterranean,4.5,2
Hattori Sushi Devil,Stockholm,Japanese,4.5,2
Agrikultur,Stockholm,European,4.5,4
Amida,Stockholm,Mediterranean,4.5,1
Adria Ristorante & Bar,Stockholm,Italian,4.5,2
Hattori Sushi Devil,Stockholm,Japanese,5.0,2
Fuori Di Pizza,Stockholm,Italian,5.0,1
Frantzen,Stockholm,Japanese,5.0,4
Arirang,Stockholm,Asian,4.5,2
Mogge Sushi,Stockholm,Japanese,5.0,2
1889 Fast Fine Pizza,Stockholm,Italian,4.5,2
Fosch Artisan Patisserie,Stockholm,European,5.0,2
Aberg Nilsson,Stockholm,European,4.5,2
Aubergine,Stockholm,European,4.0,2
Krukor & Kaffe,Stockholm,Cafe,5.0,2
En Kaffe Por Favor,Stockholm,Cafe,5.0,1
Olbistron No.50,Stockholm,American,5.0,2
800 grader,Stockholm,Italian,4.5,2
Lovo Magasin,Stockholm,Vegetarian Friendly,5.0,2
Cevicheria aji y ajo,Stockholm,Peruvian,5.0,2
Pat's Place,Stockholm,Asian,5.0,1
Caffeteria del corso,Stockholm,Italian,5.0,1
The Artisan,Stockholm,Italian,5.0,2
Bacaro,Stockholm,French,4.5,2
Steam Coffee,Stockholm,European,5.0,1
Bar City Central,Stockholm,European,5.0,2
Fikabaren,Stockholm,International,5.0,2
Maka Maka,Stockholm,Asian,5.0,2
Soyokaze,Stockholm,Japanese,5.0,4
Cafe En halv Trappa Ner,Stockholm,Cafe,5.0,2
Curry Spice City,Stockholm,Indian,5.0,2
Caffe Subito,Stockholm,Italian,5.0,2
Al-Shami Restaurang,Stockholm,Middle Eastern,4.5,2
Pong Norrlandsgatan,Stockholm,Chinese,5.0,4
Bacio,Stockholm,Italian,5.0,2
Iwa Sushi,Stockholm,Chinese,5.0,2
YI's Sushi & Cafe,Stockholm,Chinese,5.0,2
Folk & Friends,Stockholm,American,5.0,2
Cafe Garden,Stockholm,Italian,5.0,1
Ostergota Kallaren,Stockholm,Mediterranean,5.0,2
Torsgatan,Stockholm,International,5.0,2
Bestia Cafe,Stockholm,Bar,5.0,2
Bar & Bistro Chapman,Stockholm,European,5.0,2
Cafe de Calma,Stockholm,Cafe,5.0,2
Sultan Sverige AB,Stockholm,Barbecue,5.0,2
OmnOmnOmn Chocolaterie,Stockholm,French,5.0,1
Vaxt Cafe,Stockholm,Vegetarian Friendly,5.0,2
Alfeus,Stockholm,Greek,4.5,2
8T8,Stockholm,Asian,4.5,2
Garden,Stockholm,Swedish,3.5,2
Casino Restaurant Wien,Vienna,Austrian,5.0,4
Ghisallo,Vienna,Austrian,5.0,2
Le Cru,Vienna,Wine Bar,5.0,2
Knoedel Manufaktur,Vienna,Austrian,5.0,1
Mach Ma Curry,Vienna,Indian,5.0,1
Ethiopian Restaurant - Cafe Lalibela,Vienna,African,5.0,2
Feuerdorf,Vienna,Vegetarian Friendly,5.0,2
Bionista,Vienna,Vegetarian Friendly,5.0,2
Cafe Tanzen Anders,Vienna,International,5.0,2
Chinarestaurant No. 27,Vienna,Chinese,5.0,2
Cafe Benedikt,Vienna,Austrian,5.0,1
Eulennest Vinothek & Weinbar,Vienna,Wine Bar,5.0,2
Bep Viet,Vienna,Asian,4.5,1
Gubler&Gubler Bistro and Take Away,Vienna,Austrian,5.0,2
Cha No Ma,Vienna,Japanese,5.0,1
La Fornace,Vienna,Italian,5.0,2
Kafeneon,Vienna,Greek,5.0,2
Le MAR,Vienna,Vegetarian Friendly,5.0,2
Ambrosia,Vienna,Greek,4.5,2
Loutati's Shabbeskitchen,Vienna,Israeli,5.0,2
Carmen und ich,Vienna,Austrian,5.0,1
Ala Restaurant,Vienna,Turkish,5.0,2
B and Me Cafe,Vienna,Cafe,5.0,1
Cafe Restaurant Pan,Vienna,Italian,5.0,2
Anna & Jagetsberger,Vienna,Vegetarian Friendly,5.0,2
Chili & Pfeffer,Vienna,Chinese,5.0,2
Agent Oscar,Vienna,Bar,5.0,4
Edelgreisslerei Opocensky,Vienna,International,5.0,2
Elmira -- cooles veganes Bio Bistro,Vienna,Cafe,5.0,1
Caffe Cambio,Vienna,Italian,5.0,4
China-Restaurant Sunny,Vienna,Chinese,5.0,2
Cafe-Restaurant Kalvarienberg,Vienna,Austrian,5.0,2
Jia Restaurant,Vienna,Chinese,5.0,2
Florentin 1090 - Middle Eastern Restaurant,Vienna,Mediterranean,5.0,2
Gugumuck,Vienna,Austrian,5.0,4
Best Worscht in Town,Vienna,German,5.0,1
Bacchus Alberto,Vienna,Italian,5.0,4
China Restaurant Asia Garten,Vienna,Chinese,5.0,2
LieblinXplatz,Vienna,Cafe,5.0,1
Ceylon Curry,Vienna,Sri Lankan,5.0,2
Buschenschank Stippert,Vienna,Austrian,5.0,2
Cafe EL.AN,Vienna,Cafe,5.0,1
HERNALS. Kebap Pizza,Vienna,Italian,5.0,1
Henrietta,Vienna,American,5.0,2
Cocobello am Copa Beach Wien,Vienna,Bar,5.0,2
Mary the Fairy,Vienna,Austrian,5.0,1
1019 Jazzclub,Vienna,American,5.0,2
Just Taste,Vienna,Austrian,5.0,2
BlueMoon,Vienna,Japanese,5.0,2
Marktstandl,Vienna,Austrian,5.0,1
Kokos,Vienna,Asian,5.0,2
Brauhund,Vienna,Pub,5.0,1
San Thai,Warsaw,Thai,5.0,1
Namaste India,Warsaw,Fusion,4.0,2
Bekef,Warsaw,Mediterranean,5.0,1
Casa Italia,Warsaw,Italian,4.5,2
India King Indian Restaurant,Warsaw,Indian,5.0,2
Mia Famiglia,Warsaw,Italian,5.0,2
Krasnodwor Restaurant,Warsaw,Polish,5.0,2
Parivar,Warsaw,Indian,5.0,2
MIZU,Warsaw,Japanese,5.0,2
SAS Duck & Chicken,Warsaw,Fusion,5.0,1
Bardziej Gastrobar Tapas,Warsaw,International,5.0,2
Kopytko Jadalnia & Pijalnia,Warsaw,American,5.0,1
Sambal Restauracja Indonezyjska,Warsaw,Asian,5.0,2
Kawalek,Warsaw,Cafe,5.0,1
La Bomboniera,Warsaw,Italian,5.0,1
Steam Bar,Warsaw,Bar,5.0,2
Labrax,Warsaw,Seafood,5.0,2
Czyli Zurawia 45 (CZZ+),Warsaw,Italian,5.0,1
Bistro Pod Sowami,Warsaw,Polish,5.0,2
Manoush,Warsaw,International,5.0,2
MEATing Room Coctail Bar & Restaurant,Warsaw,European,5.0,2
Sosiser,Warsaw,Polish,5.0,1
Funky Fish,Warsaw,Polish,5.0,1
Masala Magic,Warsaw,Indian,5.0,2
Pub Pod Mosteczkiem,Warsaw,Polish,5.0,1
Kanapa,Warsaw,Eastern European,5.0,2
Paczek w masle - cukiernia warszawska,Warsaw,Polish,5.0,2
Deli&Winebar Siga-Siga,Warsaw,Greek,5.0,2
Rabarbar,Warsaw,Bar,5.0,2
Brunet Kafe,Warsaw,Cafe,5.0,1
Przed i Po,Warsaw,Brew Pub,5.0,1
Curry Club Warszawa,Warsaw,Indian,5.0,2
Bez Przesady,Warsaw,Brew Pub,5.0,1
Bistro Caffe Piwna,Warsaw,Polish,5.0,1
Lokal Dela Krem,Warsaw,French,5.0,1
Chmielolak,Warsaw,Pub,5.0,2
Falafel Plus,Warsaw,Lebanese,5.0,1
Restauracja Porto.wa,Warsaw,European,5.0,1
Buri Sushi,Warsaw,Japanese,5.0,2
La Bomboniera Kabaty,Warsaw,Italian,5.0,2
Przysmak,Warsaw,Polish,5.0,1
Na Koncu Teczy,Warsaw,International,5.0,1
Makarun Spaghetti and Salad,Warsaw,Fast Food,4.5,1
Chimney Cake Cafe,Warsaw,Polish,5.0,1
Indeks Klub Restaurant,Warsaw,Polish,5.0,1
DoKoncaLata,Warsaw,Italian,5.0,1
Lastow Palace Restaurant,Warsaw,Polish,5.0,2
Retrospekcja Cafe,Warsaw,Polish,5.0,1
SPATiF Warsaw,Warsaw,French,5.0,2
KAMPER Grill Bar,Warsaw,Grill,5.0,1
Indian Dawat,Warsaw,Indian,5.0,2
Kuchnia Smakosza - Restauracja Polska,Warsaw,Polish,5.0,1
Bubbleology Arkadia,Warsaw,Asian,5.0,1
Restaurant Nihao,Zurich,Chinese,5.0,2
Ecco,Zurich,European,5.0,4
Tadka Indian Restaurant,Zurich,Indian,5.0,2
Luca2,Zurich,Italian,5.0,2
Hasta Ice Cream,Zurich,Italian,5.0,1
Chez Marion,Zurich,French,4.0,2
Rechberg 1837,Zurich,Swiss,5.0,2
Chaima Thai Take Away,Zurich,Asian,5.0,1
Tenz Momo,Zurich,Vegetarian Friendly,5.0,2
4 Tiere Bar,Zurich,Bar,5.0,2
Restaurant Stadionli,Zurich,Swiss,5.0,2
Restaurant Rutihof,Zurich,Italian,5.0,2
Cafe Black Wine & Art Gallery,Zurich,Italian,5.0,2
Namaste India,Zurich,Indian,5.0,2
LaZoupa To Go - Spitalgasse 12,Zurich,Cafe,5.0,2
Restaurant Blume,Zurich,Swiss,5.0,4
Aurora,Zurich,Italian,4.0,2
Ristorante Pizzeria Tramblu,Zurich,Italian,5.0,2
Dont Worry Eat Curry,Zurich,Indian,5.0,1
Bethania Park Restaurant,Zurich,Italian,5.0,2
Lebanese Takeaway,Zurich,Lebanese,5.0,1
Il Bistro,Zurich,Italian,5.0,2
Brasserie Oerlikon,Zurich,German,5.0,2
Kafi Paradiesli,Zurich,French,5.0,2
Chimy's,Zurich,Asian,5.0,2
Felix,Zurich,Bar,5.0,2
Restaurant Frieden,Zurich,American,5.0,4
La Piazzetta,Zurich,Italian,4.0,2
Lock in Lock out Bar und Take away,Zurich,Fast Food,5.0,1
Rosita's Food & Drinks,Zurich,Seafood,5.0,1
Dogfather Hotdogs & more,Zurich,American,5.0,2
Hiltl Akademie,Zurich,Indian,5.0,2
Oak Bar,Zurich,Swiss,5.0,2
SALI e TABACCHI,Zurich,Mediterranean,5.0,2
Restaurant Lowen-Siam,Zurich,Thai,5.0,2
Delicias Latinas,Zurich,South American,5.0,2
Klara's Kitchen,Zurich,Cafe,5.0,1
Restaurant & Tapas Bar Silba,Zurich,Italian,5.0,2
Boreal Coffee Shop,Zurich,Cafe,5.0,1
Vom Fischer & syner Fru,Zurich,Seafood,5.0,2
4 You Bar and Karoke,Zurich,Thai,5.0,2
Vegan Velo,Zurich,Italian,5.0,2
Alpenstern,Zurich,Swiss,5.0,2
Kafichanne,Zurich,European,5.0,2
Cafe Jeunesse,Zurich,Italian,5.0,2
Pizzeria Trattoria Da Michele,Zurich,Italian,5.0,2
Barrio5,Zurich,Mediterranean,5.0,2
Edo Garden,Zurich,Asian,5.0,2
Barekunst,Zurich,Swiss,5.0,2
Danishluxuryfoods.com,Zurich,European,5.0,4
Krispy Krost,Zurich,Italian,5.0,1
Cafe Complet,Zurich,Swiss,5.0,2
Burgstein`s Gasthaus Penalty,Zurich,Austrian,5.0,2
Bacaro,Zurich,Bar,3.0,2
